unique_id,supplier,location,date_time,day,time,measurement,today,value,units,comments
WSSC Potomac River daily average withdrawals,WSSC,Potomac River,1999-06-01T00:00:00Z,yesterday,,daily average withdrawals,1999-06-02,193,MGD,
WSSC Potomac River daily average withdrawals,WSSC,Potomac River,1999-06-02T00:00:00Z,yesterday,,daily average withdrawals,1999-06-03,195.5,MGD,
WSSC Potomac River daily average withdrawals,WSSC,Potomac River,1999-06-03T00:00:00Z,yesterday,,daily average withdrawals,1999-06-04,192.6,MGD,
WSSC Potomac River daily average withdrawals,WSSC,Potomac River,1999-06-04T00:00:00Z,yesterday,,daily average withdrawals,1999-06-05,194.8,MGD,
WSSC Potomac River daily average withdrawals,WSSC,Potomac River,1999-06-05T00:00:00Z,yesterday,,daily average withdrawals,1999-06-06,207.6,MGD,
WSSC Potomac River daily average withdrawals,WSSC,Potomac River,1999-06-06T00:00:00Z,yesterday,,daily average withdrawals,1999-06-07,220.1,MGD,
WSSC Potomac River daily average withdrawals,WSSC,Potomac River,1999-06-07T00:00:00Z,yesterday,,daily average withdrawals,1999-06-08,199.2,MGD,
WSSC Potomac River daily average withdrawals,WSSC,Potomac River,1999-06-08T00:00:00Z,yesterday,,daily average withdrawals,1999-06-09,222,MGD,
WSSC Potomac River daily average withdrawals,WSSC,Potomac River,1999-06-09T00:00:00Z,yesterday,,daily average withdrawals,1999-06-10,211.6,MGD,
WSSC Potomac River daily average withdrawals,WSSC,Potomac River,1999-06-10T00:00:00Z,yesterday,,daily average withdrawals,1999-06-11,199.1,MGD,
WSSC Potomac River daily average withdrawals,WSSC,Potomac River,1999-06-11T00:00:00Z,yesterday,,daily average withdrawals,1999-06-12,187.3,MGD,
WSSC Potomac River daily average withdrawals,WSSC,Potomac River,1999-06-12T00:00:00Z,yesterday,,daily average withdrawals,1999-06-13,208.8,MGD,
WSSC Potomac River daily average withdrawals,WSSC,Potomac River,1999-06-13T00:00:00Z,yesterday,,daily average withdrawals,1999-06-14,189.4,MGD,
WSSC Potomac River daily average withdrawals,WSSC,Potomac River,1999-06-14T00:00:00Z,yesterday,,daily average withdrawals,1999-06-15,178.9,MGD,
WSSC Potomac River daily average withdrawals,WSSC,Potomac River,1999-06-15T00:00:00Z,yesterday,,daily average withdrawals,1999-06-16,156.7,MGD,
WSSC Potomac River daily average withdrawals,WSSC,Potomac River,1999-06-16T00:00:00Z,yesterday,,daily average withdrawals,1999-06-17,173.6,MGD,
WSSC Potomac River daily average withdrawals,WSSC,Potomac River,1999-06-17T00:00:00Z,yesterday,,daily average withdrawals,1999-06-18,148.7,MGD,
WSSC Potomac River daily average withdrawals,WSSC,Potomac River,1999-06-18T00:00:00Z,yesterday,,daily average withdrawals,1999-06-19,148.6,MGD,
WSSC Potomac River daily average withdrawals,WSSC,Potomac River,1999-06-19T00:00:00Z,yesterday,,daily average withdrawals,1999-06-20,157.5,MGD,
WSSC Potomac River daily average withdrawals,WSSC,Potomac River,1999-06-20T00:00:00Z,yesterday,,daily average withdrawals,1999-06-21,167.8,MGD,
WSSC Potomac River daily average withdrawals,WSSC,Potomac River,1999-06-21T00:00:00Z,yesterday,,daily average withdrawals,1999-06-22,144.9,MGD,
WSSC Potomac River daily average withdrawals,WSSC,Potomac River,1999-06-22T00:00:00Z,yesterday,,daily average withdrawals,1999-06-23,146.9,MGD,
WSSC Potomac River daily average withdrawals,WSSC,Potomac River,1999-06-23T00:00:00Z,yesterday,,daily average withdrawals,1999-06-24,156.2,MGD,
WSSC Potomac River daily average withdrawals,WSSC,Potomac River,1999-06-24T00:00:00Z,yesterday,,daily average withdrawals,1999-06-25,163.8,MGD,
WSSC Potomac River daily average withdrawals,WSSC,Potomac River,1999-06-25T00:00:00Z,yesterday,,daily average withdrawals,1999-06-26,178.6,MGD,
WSSC Potomac River daily average withdrawals,WSSC,Potomac River,1999-06-26T00:00:00Z,yesterday,,daily average withdrawals,1999-06-27,188.7,MGD,
WSSC Potomac River daily average withdrawals,WSSC,Potomac River,1999-06-27T00:00:00Z,yesterday,,daily average withdrawals,1999-06-28,188.6,MGD,
WSSC Potomac River daily average withdrawals,WSSC,Potomac River,1999-06-28T00:00:00Z,yesterday,,daily average withdrawals,1999-06-29,168.5,MGD,
WSSC Potomac River daily average withdrawals,WSSC,Potomac River,1999-06-29T00:00:00Z,yesterday,,daily average withdrawals,1999-06-30,158.6,MGD,
WSSC Potomac River daily average withdrawals,WSSC,Potomac River,1999-06-30T00:00:00Z,yesterday,,daily average withdrawals,1999-07-01,161.3,MGD,
WSSC Potomac River daily average withdrawals,WSSC,Potomac River,1999-07-01T00:00:00Z,yesterday,,daily average withdrawals,1999-07-02,152.2,MGD,
WSSC Potomac River daily average withdrawals,WSSC,Potomac River,1999-07-02T00:00:00Z,yesterday,,daily average withdrawals,1999-07-03,137.1,MGD,
WSSC Potomac River daily average withdrawals,WSSC,Potomac River,1999-07-03T00:00:00Z,yesterday,,daily average withdrawals,1999-07-04,143.4,MGD,
WSSC Potomac River daily average withdrawals,WSSC,Potomac River,1999-07-04T00:00:00Z,yesterday,,daily average withdrawals,1999-07-05,150.4,MGD,
WSSC Potomac River daily average withdrawals,WSSC,Potomac River,1999-07-05T00:00:00Z,yesterday,,daily average withdrawals,1999-07-06,176.1,MGD,
WSSC Potomac River daily average withdrawals,WSSC,Potomac River,1999-07-06T00:00:00Z,yesterday,,daily average withdrawals,1999-07-07,162.9,MGD,
WSSC Potomac River daily average withdrawals,WSSC,Potomac River,1999-07-07T00:00:00Z,yesterday,,daily average withdrawals,1999-07-08,176,MGD,
WSSC Potomac River daily average withdrawals,WSSC,Potomac River,1999-07-08T00:00:00Z,yesterday,,daily average withdrawals,1999-07-09,154.1,MGD,
WSSC Potomac River daily average withdrawals,WSSC,Potomac River,1999-07-09T00:00:00Z,yesterday,,daily average withdrawals,1999-07-10,146.2,MGD,
WSSC Potomac River daily average withdrawals,WSSC,Potomac River,1999-07-10T00:00:00Z,yesterday,,daily average withdrawals,1999-07-11,157,MGD,
WSSC Potomac River daily average withdrawals,WSSC,Potomac River,1999-07-11T00:00:00Z,yesterday,,daily average withdrawals,1999-07-12,161.7,MGD,
WSSC Potomac River daily average withdrawals,WSSC,Potomac River,1999-07-12T00:00:00Z,yesterday,,daily average withdrawals,1999-07-13,162.4,MGD,
WSSC Potomac River daily average withdrawals,WSSC,Potomac River,1999-07-13T00:00:00Z,yesterday,,daily average withdrawals,1999-07-14,139.5,MGD,
WSSC Potomac River daily average withdrawals,WSSC,Potomac River,1999-07-14T00:00:00Z,yesterday,,daily average withdrawals,1999-07-15,155.9,MGD,
WSSC Potomac River daily average withdrawals,WSSC,Potomac River,1999-07-15T00:00:00Z,yesterday,,daily average withdrawals,1999-07-16,168.6,MGD,
WSSC Potomac River daily average withdrawals,WSSC,Potomac River,1999-07-16T00:00:00Z,yesterday,,daily average withdrawals,1999-07-17,145.7,MGD,
WSSC Potomac River daily average withdrawals,WSSC,Potomac River,1999-07-17T00:00:00Z,yesterday,,daily average withdrawals,1999-07-18,204.4,MGD,
WSSC Potomac River daily average withdrawals,WSSC,Potomac River,1999-07-18T00:00:00Z,yesterday,,daily average withdrawals,1999-07-19,206.5,MGD,
WSSC Potomac River daily average withdrawals,WSSC,Potomac River,1999-07-19T00:00:00Z,yesterday,,daily average withdrawals,1999-07-20,184.8,MGD,
WSSC Potomac River daily average withdrawals,WSSC,Potomac River,1999-07-20T00:00:00Z,yesterday,,daily average withdrawals,1999-07-21,199.8,MGD,
WSSC Potomac River daily average withdrawals,WSSC,Potomac River,1999-07-21T00:00:00Z,yesterday,,daily average withdrawals,1999-07-22,182.3,MGD,
WSSC Potomac River daily average withdrawals,WSSC,Potomac River,1999-07-22T00:00:00Z,yesterday,,daily average withdrawals,1999-07-23,171.1,MGD,
WSSC Potomac River daily average withdrawals,WSSC,Potomac River,1999-07-23T00:00:00Z,yesterday,,daily average withdrawals,1999-07-24,174.8,MGD,
WSSC Potomac River daily average withdrawals,WSSC,Potomac River,1999-07-24T00:00:00Z,yesterday,,daily average withdrawals,1999-07-25,195.3,MGD,
WSSC Potomac River daily average withdrawals,WSSC,Potomac River,1999-07-25T00:00:00Z,yesterday,,daily average withdrawals,1999-07-26,187.8,MGD,
WSSC Potomac River daily average withdrawals,WSSC,Potomac River,1999-07-26T00:00:00Z,yesterday,,daily average withdrawals,1999-07-27,174.4,MGD,
WSSC Potomac River daily average withdrawals,WSSC,Potomac River,1999-07-27T00:00:00Z,yesterday,,daily average withdrawals,1999-07-28,182.4,MGD,
WSSC Potomac River daily average withdrawals,WSSC,Potomac River,1999-07-28T00:00:00Z,yesterday,,daily average withdrawals,1999-07-29,171.3,MGD,
WSSC Potomac River daily average withdrawals,WSSC,Potomac River,1999-07-29T00:00:00Z,yesterday,,daily average withdrawals,1999-07-30,169.6,MGD,
WSSC Potomac River daily average withdrawals,WSSC,Potomac River,1999-07-30T00:00:00Z,yesterday,,daily average withdrawals,1999-07-31,175.7,MGD,
WSSC Potomac River daily average withdrawals,WSSC,Potomac River,1999-07-31T00:00:00Z,yesterday,,daily average withdrawals,1999-08-01,189.7,MGD,
WSSC Potomac River daily average withdrawals,WSSC,Potomac River,1999-08-01T00:00:00Z,yesterday,,daily average withdrawals,1999-08-02,180.5,MGD,
WSSC Potomac River daily average withdrawals,WSSC,Potomac River,1999-08-02T00:00:00Z,yesterday,,daily average withdrawals,1999-08-03,172.3,MGD,
WSSC Potomac River daily average withdrawals,WSSC,Potomac River,1999-08-03T00:00:00Z,yesterday,,daily average withdrawals,1999-08-04,176.7,MGD,
WSSC Potomac River daily average withdrawals,WSSC,Potomac River,1999-08-04T00:00:00Z,yesterday,,daily average withdrawals,1999-08-05,191.3,MGD,
WSSC Potomac River daily average withdrawals,WSSC,Potomac River,1999-08-05T00:00:00Z,yesterday,,daily average withdrawals,1999-08-06,153.8,MGD,
WSSC Potomac River daily average withdrawals,WSSC,Potomac River,1999-08-06T00:00:00Z,yesterday,,daily average withdrawals,1999-08-07,142.1,MGD,
WSSC Potomac River daily average withdrawals,WSSC,Potomac River,1999-08-07T00:00:00Z,yesterday,,daily average withdrawals,1999-08-08,148.9,MGD,
WSSC Potomac River daily average withdrawals,WSSC,Potomac River,1999-08-08T00:00:00Z,yesterday,,daily average withdrawals,1999-08-09,147.5,MGD,
WSSC Potomac River daily average withdrawals,WSSC,Potomac River,1999-08-09T00:00:00Z,yesterday,,daily average withdrawals,1999-08-10,143.1,MGD,
WSSC Potomac River daily average withdrawals,WSSC,Potomac River,1999-08-10T00:00:00Z,yesterday,,daily average withdrawals,1999-08-11,142,MGD,
WSSC Potomac River daily average withdrawals,WSSC,Potomac River,1999-08-11T00:00:00Z,yesterday,,daily average withdrawals,1999-08-12,144.6,MGD,
WSSC Potomac River daily average withdrawals,WSSC,Potomac River,1999-08-12T00:00:00Z,yesterday,,daily average withdrawals,1999-08-13,156.6,MGD,
WSSC Potomac River daily average withdrawals,WSSC,Potomac River,1999-08-13T00:00:00Z,yesterday,,daily average withdrawals,1999-08-14,156.4,MGD,
WSSC Potomac River daily average withdrawals,WSSC,Potomac River,1999-08-14T00:00:00Z,yesterday,,daily average withdrawals,1999-08-15,153.7,MGD,
WSSC Potomac River daily average withdrawals,WSSC,Potomac River,1999-08-15T00:00:00Z,yesterday,,daily average withdrawals,1999-08-16,130.4,MGD,
WSSC Potomac River daily average withdrawals,WSSC,Potomac River,1999-08-16T00:00:00Z,yesterday,,daily average withdrawals,1999-08-17,136.3,MGD,
WSSC Potomac River daily average withdrawals,WSSC,Potomac River,1999-08-17T00:00:00Z,yesterday,,daily average withdrawals,1999-08-18,143,MGD,
WSSC Potomac River daily average withdrawals,WSSC,Potomac River,1999-08-18T00:00:00Z,yesterday,,daily average withdrawals,1999-08-19,128.1,MGD,
WSSC Potomac River daily average withdrawals,WSSC,Potomac River,1999-08-19T00:00:00Z,yesterday,,daily average withdrawals,1999-08-20,141.9,MGD,
WSSC Potomac River daily average withdrawals,WSSC,Potomac River,1999-08-20T00:00:00Z,yesterday,,daily average withdrawals,1999-08-21,146.6,MGD,
WSSC Potomac River daily average withdrawals,WSSC,Potomac River,1999-08-21T00:00:00Z,yesterday,,daily average withdrawals,1999-08-22,130.4,MGD,
WSSC Potomac River daily average withdrawals,WSSC,Potomac River,1999-08-22T00:00:00Z,yesterday,,daily average withdrawals,1999-08-23,136.6,MGD,
WSSC Potomac River daily average withdrawals,WSSC,Potomac River,1999-08-23T00:00:00Z,yesterday,,daily average withdrawals,1999-08-24,134.1,MGD,
WSSC Potomac River daily average withdrawals,WSSC,Potomac River,1999-08-24T00:00:00Z,yesterday,,daily average withdrawals,1999-08-25,133.3,MGD,
WSSC Potomac River daily average withdrawals,WSSC,Potomac River,1999-08-25T00:00:00Z,yesterday,,daily average withdrawals,1999-08-26,127.1,MGD,
WSSC Potomac River daily average withdrawals,WSSC,Potomac River,1999-08-26T00:00:00Z,yesterday,,daily average withdrawals,1999-08-27,130.5,MGD,
WSSC Potomac River daily average withdrawals,WSSC,Potomac River,1999-08-27T00:00:00Z,yesterday,,daily average withdrawals,1999-08-28,133.3,MGD,
WSSC Potomac River daily average withdrawals,WSSC,Potomac River,1999-08-28T00:00:00Z,yesterday,,daily average withdrawals,1999-08-29,138.4,MGD,
WSSC Potomac River daily average withdrawals,WSSC,Potomac River,1999-08-29T00:00:00Z,yesterday,,daily average withdrawals,1999-08-30,134.9,MGD,
WSSC Potomac River daily average withdrawals,WSSC,Potomac River,1999-08-30T00:00:00Z,yesterday,,daily average withdrawals,1999-08-31,140.4,MGD,
WSSC Potomac River daily average withdrawals,WSSC,Potomac River,1999-08-31T00:00:00Z,yesterday,,daily average withdrawals,1999-09-01,128.3,MGD,
WSSC Potomac River daily average withdrawals,WSSC,Potomac River,1999-09-01T00:00:00Z,yesterday,,daily average withdrawals,1999-09-02,134.8,MGD,
WSSC Potomac River daily average withdrawals,WSSC,Potomac River,1999-09-02T00:00:00Z,yesterday,,daily average withdrawals,1999-09-03,136.7,MGD,
WSSC Potomac River daily average withdrawals,WSSC,Potomac River,1999-09-03T00:00:00Z,yesterday,,daily average withdrawals,1999-09-04,138.2,MGD,
WSSC Potomac River daily average withdrawals,WSSC,Potomac River,1999-09-04T00:00:00Z,yesterday,,daily average withdrawals,1999-09-05,149.3,MGD,
WSSC Potomac River daily average withdrawals,WSSC,Potomac River,1999-09-05T00:00:00Z,yesterday,,daily average withdrawals,1999-09-06,139.5,MGD,
WSSC Potomac River daily average withdrawals,WSSC,Potomac River,1999-09-06T00:00:00Z,yesterday,,daily average withdrawals,1999-09-07,130.5,MGD,
WSSC Potomac River daily average withdrawals,WSSC,Potomac River,1999-09-07T00:00:00Z,yesterday,,daily average withdrawals,1999-09-08,134,MGD,
WSSC Potomac River daily average withdrawals,WSSC,Potomac River,1999-09-08T00:00:00Z,yesterday,,daily average withdrawals,1999-09-09,129.4,MGD,
WSSC Potomac River daily average withdrawals,WSSC,Potomac River,1999-09-09T00:00:00Z,yesterday,,daily average withdrawals,1999-09-10,96.6,MGD,
WSSC Potomac River daily average withdrawals,WSSC,Potomac River,1999-09-10T00:00:00Z,yesterday,,daily average withdrawals,1999-09-11,100.6,MGD,
WSSC Potomac River daily average withdrawals,WSSC,Potomac River,1999-09-11T00:00:00Z,yesterday,,daily average withdrawals,1999-09-12,93,MGD,
WSSC Potomac River daily average withdrawals,WSSC,Potomac River,1999-09-12T00:00:00Z,yesterday,,daily average withdrawals,1999-09-13,105.4,MGD,
WSSC Potomac River daily average withdrawals,WSSC,Potomac River,1999-09-13T00:00:00Z,yesterday,,daily average withdrawals,1999-09-14,116.4,MGD,
WSSC Potomac River daily average withdrawals,WSSC,Potomac River,1999-09-14T00:00:00Z,yesterday,,daily average withdrawals,1999-09-15,136.2,MGD,
WSSC Potomac River daily average withdrawals,WSSC,Potomac River,1999-09-15T00:00:00Z,yesterday,,daily average withdrawals,1999-09-16,132.9,MGD,
WSSC Patuxent Reservoirs daily average withdrawals,WSSC,Patuxent Reservoirs,1999-06-01T00:00:00Z,yesterday,,daily average withdrawals,1999-06-02,19.2,MGD,
WSSC Patuxent Reservoirs daily average withdrawals,WSSC,Patuxent Reservoirs,1999-06-02T00:00:00Z,yesterday,,daily average withdrawals,1999-06-03,19.8,MGD,
WSSC Patuxent Reservoirs daily average withdrawals,WSSC,Patuxent Reservoirs,1999-06-03T00:00:00Z,yesterday,,daily average withdrawals,1999-06-04,21.2,MGD,
WSSC Patuxent Reservoirs daily average withdrawals,WSSC,Patuxent Reservoirs,1999-06-04T00:00:00Z,yesterday,,daily average withdrawals,1999-06-05,18.3,MGD,
WSSC Patuxent Reservoirs daily average withdrawals,WSSC,Patuxent Reservoirs,1999-06-05T00:00:00Z,yesterday,,daily average withdrawals,1999-06-06,20.9,MGD,
WSSC Patuxent Reservoirs daily average withdrawals,WSSC,Patuxent Reservoirs,1999-06-06T00:00:00Z,yesterday,,daily average withdrawals,1999-06-07,19.8,MGD,
WSSC Patuxent Reservoirs daily average withdrawals,WSSC,Patuxent Reservoirs,1999-06-07T00:00:00Z,yesterday,,daily average withdrawals,1999-06-08,26.4,MGD,
WSSC Patuxent Reservoirs daily average withdrawals,WSSC,Patuxent Reservoirs,1999-06-08T00:00:00Z,yesterday,,daily average withdrawals,1999-06-09,41.4,MGD,
WSSC Patuxent Reservoirs daily average withdrawals,WSSC,Patuxent Reservoirs,1999-06-09T00:00:00Z,yesterday,,daily average withdrawals,1999-06-10,44.7,MGD,
WSSC Patuxent Reservoirs daily average withdrawals,WSSC,Patuxent Reservoirs,1999-06-10T00:00:00Z,yesterday,,daily average withdrawals,1999-06-11,41.2,MGD,
WSSC Patuxent Reservoirs daily average withdrawals,WSSC,Patuxent Reservoirs,1999-06-11T00:00:00Z,yesterday,,daily average withdrawals,1999-06-12,24.7,MGD,
WSSC Patuxent Reservoirs daily average withdrawals,WSSC,Patuxent Reservoirs,1999-06-12T00:00:00Z,yesterday,,daily average withdrawals,1999-06-13,25.7,MGD,
WSSC Patuxent Reservoirs daily average withdrawals,WSSC,Patuxent Reservoirs,1999-06-13T00:00:00Z,yesterday,,daily average withdrawals,1999-06-14,25.7,MGD,
WSSC Patuxent Reservoirs daily average withdrawals,WSSC,Patuxent Reservoirs,1999-06-14T00:00:00Z,yesterday,,daily average withdrawals,1999-06-15,26,MGD,
WSSC Patuxent Reservoirs daily average withdrawals,WSSC,Patuxent Reservoirs,1999-06-15T00:00:00Z,yesterday,,daily average withdrawals,1999-06-16,25.5,MGD,
WSSC Patuxent Reservoirs daily average withdrawals,WSSC,Patuxent Reservoirs,1999-06-16T00:00:00Z,yesterday,,daily average withdrawals,1999-06-17,19.1,MGD,
WSSC Patuxent Reservoirs daily average withdrawals,WSSC,Patuxent Reservoirs,1999-06-17T00:00:00Z,yesterday,,daily average withdrawals,1999-06-18,24.5,MGD,
WSSC Patuxent Reservoirs daily average withdrawals,WSSC,Patuxent Reservoirs,1999-06-18T00:00:00Z,yesterday,,daily average withdrawals,1999-06-19,21.9,MGD,
WSSC Patuxent Reservoirs daily average withdrawals,WSSC,Patuxent Reservoirs,1999-06-19T00:00:00Z,yesterday,,daily average withdrawals,1999-06-20,20.8,MGD,
WSSC Patuxent Reservoirs daily average withdrawals,WSSC,Patuxent Reservoirs,1999-06-20T00:00:00Z,yesterday,,daily average withdrawals,1999-06-21,20.8,MGD,
WSSC Patuxent Reservoirs daily average withdrawals,WSSC,Patuxent Reservoirs,1999-06-21T00:00:00Z,yesterday,,daily average withdrawals,1999-06-22,21.8,MGD,
WSSC Patuxent Reservoirs daily average withdrawals,WSSC,Patuxent Reservoirs,1999-06-22T00:00:00Z,yesterday,,daily average withdrawals,1999-06-23,22,MGD,
WSSC Patuxent Reservoirs daily average withdrawals,WSSC,Patuxent Reservoirs,1999-06-23T00:00:00Z,yesterday,,daily average withdrawals,1999-06-24,21.2,MGD,
WSSC Patuxent Reservoirs daily average withdrawals,WSSC,Patuxent Reservoirs,1999-06-24T00:00:00Z,yesterday,,daily average withdrawals,1999-06-25,17.7,MGD,
WSSC Patuxent Reservoirs daily average withdrawals,WSSC,Patuxent Reservoirs,1999-06-25T00:00:00Z,yesterday,,daily average withdrawals,1999-06-26,19.6,MGD,
WSSC Patuxent Reservoirs daily average withdrawals,WSSC,Patuxent Reservoirs,1999-06-26T00:00:00Z,yesterday,,daily average withdrawals,1999-06-27,20.3,MGD,
WSSC Patuxent Reservoirs daily average withdrawals,WSSC,Patuxent Reservoirs,1999-06-27T00:00:00Z,yesterday,,daily average withdrawals,1999-06-28,21.5,MGD,
WSSC Patuxent Reservoirs daily average withdrawals,WSSC,Patuxent Reservoirs,1999-06-28T00:00:00Z,yesterday,,daily average withdrawals,1999-06-29,23.2,MGD,
WSSC Patuxent Reservoirs daily average withdrawals,WSSC,Patuxent Reservoirs,1999-06-29T00:00:00Z,yesterday,,daily average withdrawals,1999-06-30,21.5,MGD,
WSSC Patuxent Reservoirs daily average withdrawals,WSSC,Patuxent Reservoirs,1999-06-30T00:00:00Z,yesterday,,daily average withdrawals,1999-07-01,21.2,MGD,
WSSC Patuxent Reservoirs daily average withdrawals,WSSC,Patuxent Reservoirs,1999-07-01T00:00:00Z,yesterday,,daily average withdrawals,1999-07-02,30.7,MGD,
WSSC Patuxent Reservoirs daily average withdrawals,WSSC,Patuxent Reservoirs,1999-07-02T00:00:00Z,yesterday,,daily average withdrawals,1999-07-03,38.5,MGD,
WSSC Patuxent Reservoirs daily average withdrawals,WSSC,Patuxent Reservoirs,1999-07-03T00:00:00Z,yesterday,,daily average withdrawals,1999-07-04,39.7,MGD,
WSSC Patuxent Reservoirs daily average withdrawals,WSSC,Patuxent Reservoirs,1999-07-04T00:00:00Z,yesterday,,daily average withdrawals,1999-07-05,38.2,MGD,
WSSC Patuxent Reservoirs daily average withdrawals,WSSC,Patuxent Reservoirs,1999-07-05T00:00:00Z,yesterday,,daily average withdrawals,1999-07-06,42.5,MGD,
WSSC Patuxent Reservoirs daily average withdrawals,WSSC,Patuxent Reservoirs,1999-07-06T00:00:00Z,yesterday,,daily average withdrawals,1999-07-07,56,MGD,
WSSC Patuxent Reservoirs daily average withdrawals,WSSC,Patuxent Reservoirs,1999-07-07T00:00:00Z,yesterday,,daily average withdrawals,1999-07-08,50.3,MGD,
WSSC Patuxent Reservoirs daily average withdrawals,WSSC,Patuxent Reservoirs,1999-07-08T00:00:00Z,yesterday,,daily average withdrawals,1999-07-09,67.3,MGD,
WSSC Patuxent Reservoirs daily average withdrawals,WSSC,Patuxent Reservoirs,1999-07-09T00:00:00Z,yesterday,,daily average withdrawals,1999-07-10,68.7,MGD,
WSSC Patuxent Reservoirs daily average withdrawals,WSSC,Patuxent Reservoirs,1999-07-10T00:00:00Z,yesterday,,daily average withdrawals,1999-07-11,67.1,MGD,
WSSC Patuxent Reservoirs daily average withdrawals,WSSC,Patuxent Reservoirs,1999-07-11T00:00:00Z,yesterday,,daily average withdrawals,1999-07-12,53.5,MGD,
WSSC Patuxent Reservoirs daily average withdrawals,WSSC,Patuxent Reservoirs,1999-07-12T00:00:00Z,yesterday,,daily average withdrawals,1999-07-13,45,MGD,
WSSC Patuxent Reservoirs daily average withdrawals,WSSC,Patuxent Reservoirs,1999-07-13T00:00:00Z,yesterday,,daily average withdrawals,1999-07-14,33.3,MGD,
WSSC Patuxent Reservoirs daily average withdrawals,WSSC,Patuxent Reservoirs,1999-07-14T00:00:00Z,yesterday,,daily average withdrawals,1999-07-15,25.9,MGD,
WSSC Patuxent Reservoirs daily average withdrawals,WSSC,Patuxent Reservoirs,1999-07-15T00:00:00Z,yesterday,,daily average withdrawals,1999-07-16,31.4,MGD,
WSSC Patuxent Reservoirs daily average withdrawals,WSSC,Patuxent Reservoirs,1999-07-16T00:00:00Z,yesterday,,daily average withdrawals,1999-07-17,64.6,MGD,
WSSC Patuxent Reservoirs daily average withdrawals,WSSC,Patuxent Reservoirs,1999-07-17T00:00:00Z,yesterday,,daily average withdrawals,1999-07-18,26.1,MGD,
WSSC Patuxent Reservoirs daily average withdrawals,WSSC,Patuxent Reservoirs,1999-07-18T00:00:00Z,yesterday,,daily average withdrawals,1999-07-19,24.1,MGD,
WSSC Patuxent Reservoirs daily average withdrawals,WSSC,Patuxent Reservoirs,1999-07-19T00:00:00Z,yesterday,,daily average withdrawals,1999-07-20,29.8,MGD,
WSSC Patuxent Reservoirs daily average withdrawals,WSSC,Patuxent Reservoirs,1999-07-20T00:00:00Z,yesterday,,daily average withdrawals,1999-07-21,26.6,MGD,
WSSC Patuxent Reservoirs daily average withdrawals,WSSC,Patuxent Reservoirs,1999-07-21T00:00:00Z,yesterday,,daily average withdrawals,1999-07-22,26.7,MGD,
WSSC Patuxent Reservoirs daily average withdrawals,WSSC,Patuxent Reservoirs,1999-07-22T00:00:00Z,yesterday,,daily average withdrawals,1999-07-23,26.2,MGD,
WSSC Patuxent Reservoirs daily average withdrawals,WSSC,Patuxent Reservoirs,1999-07-23T00:00:00Z,yesterday,,daily average withdrawals,1999-07-24,35.6,MGD,
WSSC Patuxent Reservoirs daily average withdrawals,WSSC,Patuxent Reservoirs,1999-07-24T00:00:00Z,yesterday,,daily average withdrawals,1999-07-25,28.1,MGD,
WSSC Patuxent Reservoirs daily average withdrawals,WSSC,Patuxent Reservoirs,1999-07-25T00:00:00Z,yesterday,,daily average withdrawals,1999-07-26,28,MGD,
WSSC Patuxent Reservoirs daily average withdrawals,WSSC,Patuxent Reservoirs,1999-07-26T00:00:00Z,yesterday,,daily average withdrawals,1999-07-27,27.4,MGD,
WSSC Patuxent Reservoirs daily average withdrawals,WSSC,Patuxent Reservoirs,1999-07-27T00:00:00Z,yesterday,,daily average withdrawals,1999-07-28,25,MGD,
WSSC Patuxent Reservoirs daily average withdrawals,WSSC,Patuxent Reservoirs,1999-07-28T00:00:00Z,yesterday,,daily average withdrawals,1999-07-29,28.1,MGD,
WSSC Patuxent Reservoirs daily average withdrawals,WSSC,Patuxent Reservoirs,1999-07-29T00:00:00Z,yesterday,,daily average withdrawals,1999-07-30,24.4,MGD,
WSSC Patuxent Reservoirs daily average withdrawals,WSSC,Patuxent Reservoirs,1999-07-30T00:00:00Z,yesterday,,daily average withdrawals,1999-07-31,27.8,MGD,
WSSC Patuxent Reservoirs daily average withdrawals,WSSC,Patuxent Reservoirs,1999-07-31T00:00:00Z,yesterday,,daily average withdrawals,1999-08-01,24.1,MGD,
WSSC Patuxent Reservoirs daily average withdrawals,WSSC,Patuxent Reservoirs,1999-08-01T00:00:00Z,yesterday,,daily average withdrawals,1999-08-02,30.5,MGD,
WSSC Patuxent Reservoirs daily average withdrawals,WSSC,Patuxent Reservoirs,1999-08-02T00:00:00Z,yesterday,,daily average withdrawals,1999-08-03,29.5,MGD,
WSSC Patuxent Reservoirs daily average withdrawals,WSSC,Patuxent Reservoirs,1999-08-03T00:00:00Z,yesterday,,daily average withdrawals,1999-08-04,27.8,MGD,
WSSC Patuxent Reservoirs daily average withdrawals,WSSC,Patuxent Reservoirs,1999-08-04T00:00:00Z,yesterday,,daily average withdrawals,1999-08-05,25.1,MGD,
WSSC Patuxent Reservoirs daily average withdrawals,WSSC,Patuxent Reservoirs,1999-08-05T00:00:00Z,yesterday,,daily average withdrawals,1999-08-06,27.6,MGD,
WSSC Patuxent Reservoirs daily average withdrawals,WSSC,Patuxent Reservoirs,1999-08-06T00:00:00Z,yesterday,,daily average withdrawals,1999-08-07,27.5,MGD,
WSSC Patuxent Reservoirs daily average withdrawals,WSSC,Patuxent Reservoirs,1999-08-07T00:00:00Z,yesterday,,daily average withdrawals,1999-08-08,28.4,MGD,
WSSC Patuxent Reservoirs daily average withdrawals,WSSC,Patuxent Reservoirs,1999-08-08T00:00:00Z,yesterday,,daily average withdrawals,1999-08-09,29.2,MGD,
WSSC Patuxent Reservoirs daily average withdrawals,WSSC,Patuxent Reservoirs,1999-08-09T00:00:00Z,yesterday,,daily average withdrawals,1999-08-10,27.7,MGD,
WSSC Patuxent Reservoirs daily average withdrawals,WSSC,Patuxent Reservoirs,1999-08-10T00:00:00Z,yesterday,,daily average withdrawals,1999-08-11,28.2,MGD,
WSSC Patuxent Reservoirs daily average withdrawals,WSSC,Patuxent Reservoirs,1999-08-11T00:00:00Z,yesterday,,daily average withdrawals,1999-08-12,32.1,MGD,
WSSC Patuxent Reservoirs daily average withdrawals,WSSC,Patuxent Reservoirs,1999-08-12T00:00:00Z,yesterday,,daily average withdrawals,1999-08-13,27.8,MGD,
WSSC Patuxent Reservoirs daily average withdrawals,WSSC,Patuxent Reservoirs,1999-08-13T00:00:00Z,yesterday,,daily average withdrawals,1999-08-14,30.5,MGD,
WSSC Patuxent Reservoirs daily average withdrawals,WSSC,Patuxent Reservoirs,1999-08-14T00:00:00Z,yesterday,,daily average withdrawals,1999-08-15,25.9,MGD,
WSSC Patuxent Reservoirs daily average withdrawals,WSSC,Patuxent Reservoirs,1999-08-15T00:00:00Z,yesterday,,daily average withdrawals,1999-08-16,28.1,MGD,
WSSC Patuxent Reservoirs daily average withdrawals,WSSC,Patuxent Reservoirs,1999-08-16T00:00:00Z,yesterday,,daily average withdrawals,1999-08-17,28.8,MGD,
WSSC Patuxent Reservoirs daily average withdrawals,WSSC,Patuxent Reservoirs,1999-08-17T00:00:00Z,yesterday,,daily average withdrawals,1999-08-18,35.9,MGD,
WSSC Patuxent Reservoirs daily average withdrawals,WSSC,Patuxent Reservoirs,1999-08-18T00:00:00Z,yesterday,,daily average withdrawals,1999-08-19,43.7,MGD,
WSSC Patuxent Reservoirs daily average withdrawals,WSSC,Patuxent Reservoirs,1999-08-19T00:00:00Z,yesterday,,daily average withdrawals,1999-08-20,24.6,MGD,
WSSC Patuxent Reservoirs daily average withdrawals,WSSC,Patuxent Reservoirs,1999-08-20T00:00:00Z,yesterday,,daily average withdrawals,1999-08-21,25.2,MGD,
WSSC Patuxent Reservoirs daily average withdrawals,WSSC,Patuxent Reservoirs,1999-08-21T00:00:00Z,yesterday,,daily average withdrawals,1999-08-22,26.2,MGD,
WSSC Patuxent Reservoirs daily average withdrawals,WSSC,Patuxent Reservoirs,1999-08-22T00:00:00Z,yesterday,,daily average withdrawals,1999-08-23,25.5,MGD,
WSSC Patuxent Reservoirs daily average withdrawals,WSSC,Patuxent Reservoirs,1999-08-23T00:00:00Z,yesterday,,daily average withdrawals,1999-08-24,25.7,MGD,
WSSC Patuxent Reservoirs daily average withdrawals,WSSC,Patuxent Reservoirs,1999-08-24T00:00:00Z,yesterday,,daily average withdrawals,1999-08-25,26.2,MGD,
WSSC Patuxent Reservoirs daily average withdrawals,WSSC,Patuxent Reservoirs,1999-08-25T00:00:00Z,yesterday,,daily average withdrawals,1999-08-26,27.1,MGD,
WSSC Patuxent Reservoirs daily average withdrawals,WSSC,Patuxent Reservoirs,1999-08-26T00:00:00Z,yesterday,,daily average withdrawals,1999-08-27,28.1,MGD,
WSSC Patuxent Reservoirs daily average withdrawals,WSSC,Patuxent Reservoirs,1999-08-27T00:00:00Z,yesterday,,daily average withdrawals,1999-08-28,31.2,MGD,
WSSC Patuxent Reservoirs daily average withdrawals,WSSC,Patuxent Reservoirs,1999-08-28T00:00:00Z,yesterday,,daily average withdrawals,1999-08-29,25.4,MGD,
WSSC Patuxent Reservoirs daily average withdrawals,WSSC,Patuxent Reservoirs,1999-08-29T00:00:00Z,yesterday,,daily average withdrawals,1999-08-30,27.7,MGD,
WSSC Patuxent Reservoirs daily average withdrawals,WSSC,Patuxent Reservoirs,1999-08-30T00:00:00Z,yesterday,,daily average withdrawals,1999-08-31,26.1,MGD,
WSSC Patuxent Reservoirs daily average withdrawals,WSSC,Patuxent Reservoirs,1999-08-31T00:00:00Z,yesterday,,daily average withdrawals,1999-09-01,27.7,MGD,
WSSC Patuxent Reservoirs daily average withdrawals,WSSC,Patuxent Reservoirs,1999-09-01T00:00:00Z,yesterday,,daily average withdrawals,1999-09-02,25.2,MGD,
WSSC Patuxent Reservoirs daily average withdrawals,WSSC,Patuxent Reservoirs,1999-09-02T00:00:00Z,yesterday,,daily average withdrawals,1999-09-03,30.3,MGD,
WSSC Patuxent Reservoirs daily average withdrawals,WSSC,Patuxent Reservoirs,1999-09-03T00:00:00Z,yesterday,,daily average withdrawals,1999-09-04,24.9,MGD,
WSSC Patuxent Reservoirs daily average withdrawals,WSSC,Patuxent Reservoirs,1999-09-04T00:00:00Z,yesterday,,daily average withdrawals,1999-09-05,27.1,MGD,
WSSC Patuxent Reservoirs daily average withdrawals,WSSC,Patuxent Reservoirs,1999-09-05T00:00:00Z,yesterday,,daily average withdrawals,1999-09-06,26.9,MGD,
WSSC Patuxent Reservoirs daily average withdrawals,WSSC,Patuxent Reservoirs,1999-09-06T00:00:00Z,yesterday,,daily average withdrawals,1999-09-07,27.9,MGD,
WSSC Patuxent Reservoirs daily average withdrawals,WSSC,Patuxent Reservoirs,1999-09-07T00:00:00Z,yesterday,,daily average withdrawals,1999-09-08,27.3,MGD,
WSSC Patuxent Reservoirs daily average withdrawals,WSSC,Patuxent Reservoirs,1999-09-08T00:00:00Z,yesterday,,daily average withdrawals,1999-09-09,27.5,MGD,
WSSC Patuxent Reservoirs daily average withdrawals,WSSC,Patuxent Reservoirs,1999-09-09T00:00:00Z,yesterday,,daily average withdrawals,1999-09-10,63.7,MGD,
WSSC Patuxent Reservoirs daily average withdrawals,WSSC,Patuxent Reservoirs,1999-09-10T00:00:00Z,yesterday,,daily average withdrawals,1999-09-11,68.8,MGD,
WSSC Patuxent Reservoirs daily average withdrawals,WSSC,Patuxent Reservoirs,1999-09-11T00:00:00Z,yesterday,,daily average withdrawals,1999-09-12,67.9,MGD,
WSSC Patuxent Reservoirs daily average withdrawals,WSSC,Patuxent Reservoirs,1999-09-12T00:00:00Z,yesterday,,daily average withdrawals,1999-09-13,60.3,MGD,
WSSC Patuxent Reservoirs daily average withdrawals,WSSC,Patuxent Reservoirs,1999-09-13T00:00:00Z,yesterday,,daily average withdrawals,1999-09-14,44.7,MGD,
WSSC Patuxent Reservoirs daily average withdrawals,WSSC,Patuxent Reservoirs,1999-09-14T00:00:00Z,yesterday,,daily average withdrawals,1999-09-15,27.3,MGD,
WSSC Patuxent Reservoirs daily average withdrawals,WSSC,Patuxent Reservoirs,1999-09-15T00:00:00Z,yesterday,,daily average withdrawals,1999-09-16,38.7,MGD,
FW Potomac River daily average withdrawals,FW,Potomac River,1999-06-01T00:00:00Z,yesterday,,daily average withdrawals,1999-06-02,109.3,MGD,
FW Potomac River daily average withdrawals,FW,Potomac River,1999-06-02T00:00:00Z,yesterday,,daily average withdrawals,1999-06-03,111.3,MGD,
FW Potomac River daily average withdrawals,FW,Potomac River,1999-06-03T00:00:00Z,yesterday,,daily average withdrawals,1999-06-04,107.1,MGD,
FW Potomac River daily average withdrawals,FW,Potomac River,1999-06-04T00:00:00Z,yesterday,,daily average withdrawals,1999-06-05,114.7,MGD,
FW Potomac River daily average withdrawals,FW,Potomac River,1999-06-05T00:00:00Z,yesterday,,daily average withdrawals,1999-06-06,121.8,MGD,
FW Potomac River daily average withdrawals,FW,Potomac River,1999-06-06T00:00:00Z,yesterday,,daily average withdrawals,1999-06-07,125.3,MGD,
FW Potomac River daily average withdrawals,FW,Potomac River,1999-06-07T00:00:00Z,yesterday,,daily average withdrawals,1999-06-08,123.7,MGD,
FW Potomac River daily average withdrawals,FW,Potomac River,1999-06-08T00:00:00Z,yesterday,,daily average withdrawals,1999-06-09,123.1,MGD,
FW Potomac River daily average withdrawals,FW,Potomac River,1999-06-09T00:00:00Z,yesterday,,daily average withdrawals,1999-06-10,129.2,MGD,
FW Potomac River daily average withdrawals,FW,Potomac River,1999-06-10T00:00:00Z,yesterday,,daily average withdrawals,1999-06-11,119,MGD,
FW Potomac River daily average withdrawals,FW,Potomac River,1999-06-11T00:00:00Z,yesterday,,daily average withdrawals,1999-06-12,106.1,MGD,
FW Potomac River daily average withdrawals,FW,Potomac River,1999-06-12T00:00:00Z,yesterday,,daily average withdrawals,1999-06-13,116.5,MGD,
FW Potomac River daily average withdrawals,FW,Potomac River,1999-06-13T00:00:00Z,yesterday,,daily average withdrawals,1999-06-14,91.2,MGD,
FW Potomac River daily average withdrawals,FW,Potomac River,1999-06-14T00:00:00Z,yesterday,,daily average withdrawals,1999-06-15,91.2,MGD,
FW Potomac River daily average withdrawals,FW,Potomac River,1999-06-15T00:00:00Z,yesterday,,daily average withdrawals,1999-06-16,76.9,MGD,
FW Potomac River daily average withdrawals,FW,Potomac River,1999-06-16T00:00:00Z,yesterday,,daily average withdrawals,1999-06-17,92.2,MGD,
FW Potomac River daily average withdrawals,FW,Potomac River,1999-06-17T00:00:00Z,yesterday,,daily average withdrawals,1999-06-18,84,MGD,
FW Potomac River daily average withdrawals,FW,Potomac River,1999-06-18T00:00:00Z,yesterday,,daily average withdrawals,1999-06-19,83.9,MGD,
FW Potomac River daily average withdrawals,FW,Potomac River,1999-06-19T00:00:00Z,yesterday,,daily average withdrawals,1999-06-20,96.6,MGD,
FW Potomac River daily average withdrawals,FW,Potomac River,1999-06-20T00:00:00Z,yesterday,,daily average withdrawals,1999-06-21,76.5,MGD,
FW Potomac River daily average withdrawals,FW,Potomac River,1999-06-21T00:00:00Z,yesterday,,daily average withdrawals,1999-06-22,81.5,MGD,
FW Potomac River daily average withdrawals,FW,Potomac River,1999-06-22T00:00:00Z,yesterday,,daily average withdrawals,1999-06-23,77.7,MGD,
FW Potomac River daily average withdrawals,FW,Potomac River,1999-06-23T00:00:00Z,yesterday,,daily average withdrawals,1999-06-24,88.6,MGD,
FW Potomac River daily average withdrawals,FW,Potomac River,1999-06-24T00:00:00Z,yesterday,,daily average withdrawals,1999-06-25,100,MGD,
FW Potomac River daily average withdrawals,FW,Potomac River,1999-06-25T00:00:00Z,yesterday,,daily average withdrawals,1999-06-26,100.4,MGD,
FW Potomac River daily average withdrawals,FW,Potomac River,1999-06-26T00:00:00Z,yesterday,,daily average withdrawals,1999-06-27,116.3,MGD,
FW Potomac River daily average withdrawals,FW,Potomac River,1999-06-27T00:00:00Z,yesterday,,daily average withdrawals,1999-06-28,108.4,MGD,
FW Potomac River daily average withdrawals,FW,Potomac River,1999-06-28T00:00:00Z,yesterday,,daily average withdrawals,1999-06-29,95.6,MGD,
FW Potomac River daily average withdrawals,FW,Potomac River,1999-06-29T00:00:00Z,yesterday,,daily average withdrawals,1999-06-30,88.3,MGD,
FW Potomac River daily average withdrawals,FW,Potomac River,1999-06-30T00:00:00Z,yesterday,,daily average withdrawals,1999-07-01,81,MGD,
FW Potomac River daily average withdrawals,FW,Potomac River,1999-07-01T00:00:00Z,yesterday,,daily average withdrawals,1999-07-02,83.5,MGD,
FW Potomac River daily average withdrawals,FW,Potomac River,1999-07-02T00:00:00Z,yesterday,,daily average withdrawals,1999-07-03,82.4,MGD,
FW Potomac River daily average withdrawals,FW,Potomac River,1999-07-03T00:00:00Z,yesterday,,daily average withdrawals,1999-07-04,86.4,MGD,
FW Potomac River daily average withdrawals,FW,Potomac River,1999-07-04T00:00:00Z,yesterday,,daily average withdrawals,1999-07-05,92.2,MGD,
FW Potomac River daily average withdrawals,FW,Potomac River,1999-07-05T00:00:00Z,yesterday,,daily average withdrawals,1999-07-06,113.6,MGD,
FW Potomac River daily average withdrawals,FW,Potomac River,1999-07-06T00:00:00Z,yesterday,,daily average withdrawals,1999-07-07,109.2,MGD,
FW Potomac River daily average withdrawals,FW,Potomac River,1999-07-07T00:00:00Z,yesterday,,daily average withdrawals,1999-07-08,121.1,MGD,
FW Potomac River daily average withdrawals,FW,Potomac River,1999-07-08T00:00:00Z,yesterday,,daily average withdrawals,1999-07-09,107.2,MGD,
FW Potomac River daily average withdrawals,FW,Potomac River,1999-07-09T00:00:00Z,yesterday,,daily average withdrawals,1999-07-10,109.5,MGD,
FW Potomac River daily average withdrawals,FW,Potomac River,1999-07-10T00:00:00Z,yesterday,,daily average withdrawals,1999-07-11,112,MGD,
FW Potomac River daily average withdrawals,FW,Potomac River,1999-07-11T00:00:00Z,yesterday,,daily average withdrawals,1999-07-12,111.8,MGD,
FW Potomac River daily average withdrawals,FW,Potomac River,1999-07-12T00:00:00Z,yesterday,,daily average withdrawals,1999-07-13,103,MGD,
FW Potomac River daily average withdrawals,FW,Potomac River,1999-07-13T00:00:00Z,yesterday,,daily average withdrawals,1999-07-14,89.2,MGD,
FW Potomac River daily average withdrawals,FW,Potomac River,1999-07-14T00:00:00Z,yesterday,,daily average withdrawals,1999-07-15,92.8,MGD,
FW Potomac River daily average withdrawals,FW,Potomac River,1999-07-15T00:00:00Z,yesterday,,daily average withdrawals,1999-07-16,107.8,MGD,
FW Potomac River daily average withdrawals,FW,Potomac River,1999-07-16T00:00:00Z,yesterday,,daily average withdrawals,1999-07-17,102,MGD,
FW Potomac River daily average withdrawals,FW,Potomac River,1999-07-17T00:00:00Z,yesterday,,daily average withdrawals,1999-07-18,124.2,MGD,
FW Potomac River daily average withdrawals,FW,Potomac River,1999-07-18T00:00:00Z,yesterday,,daily average withdrawals,1999-07-19,119.7,MGD,
FW Potomac River daily average withdrawals,FW,Potomac River,1999-07-19T00:00:00Z,yesterday,,daily average withdrawals,1999-07-20,115.6,MGD,
FW Potomac River daily average withdrawals,FW,Potomac River,1999-07-20T00:00:00Z,yesterday,,daily average withdrawals,1999-07-21,112.8,MGD,
FW Potomac River daily average withdrawals,FW,Potomac River,1999-07-21T00:00:00Z,yesterday,,daily average withdrawals,1999-07-22,111.6,MGD,
FW Potomac River daily average withdrawals,FW,Potomac River,1999-07-22T00:00:00Z,yesterday,,daily average withdrawals,1999-07-23,101.4,MGD,
FW Potomac River daily average withdrawals,FW,Potomac River,1999-07-23T00:00:00Z,yesterday,,daily average withdrawals,1999-07-24,107.8,MGD,
FW Potomac River daily average withdrawals,FW,Potomac River,1999-07-24T00:00:00Z,yesterday,,daily average withdrawals,1999-07-25,124.6,MGD,
FW Potomac River daily average withdrawals,FW,Potomac River,1999-07-25T00:00:00Z,yesterday,,daily average withdrawals,1999-07-26,108.2,MGD,
FW Potomac River daily average withdrawals,FW,Potomac River,1999-07-26T00:00:00Z,yesterday,,daily average withdrawals,1999-07-27,92.6,MGD,
FW Potomac River daily average withdrawals,FW,Potomac River,1999-07-27T00:00:00Z,yesterday,,daily average withdrawals,1999-07-28,109.6,MGD,
FW Potomac River daily average withdrawals,FW,Potomac River,1999-07-28T00:00:00Z,yesterday,,daily average withdrawals,1999-07-29,101.1,MGD,
FW Potomac River daily average withdrawals,FW,Potomac River,1999-07-29T00:00:00Z,yesterday,,daily average withdrawals,1999-07-30,97.4,MGD,
FW Potomac River daily average withdrawals,FW,Potomac River,1999-07-30T00:00:00Z,yesterday,,daily average withdrawals,1999-07-31,100,MGD,
FW Potomac River daily average withdrawals,FW,Potomac River,1999-07-31T00:00:00Z,yesterday,,daily average withdrawals,1999-08-01,109.9,MGD,
FW Potomac River daily average withdrawals,FW,Potomac River,1999-08-01T00:00:00Z,yesterday,,daily average withdrawals,1999-08-02,100,MGD,
FW Potomac River daily average withdrawals,FW,Potomac River,1999-08-02T00:00:00Z,yesterday,,daily average withdrawals,1999-08-03,101.1,MGD,
FW Potomac River daily average withdrawals,FW,Potomac River,1999-08-03T00:00:00Z,yesterday,,daily average withdrawals,1999-08-04,104.9,MGD,
FW Potomac River daily average withdrawals,FW,Potomac River,1999-08-04T00:00:00Z,yesterday,,daily average withdrawals,1999-08-05,112.7,MGD,
FW Potomac River daily average withdrawals,FW,Potomac River,1999-08-05T00:00:00Z,yesterday,,daily average withdrawals,1999-08-06,104.6,MGD,
FW Potomac River daily average withdrawals,FW,Potomac River,1999-08-06T00:00:00Z,yesterday,,daily average withdrawals,1999-08-07,87.2,MGD,
FW Potomac River daily average withdrawals,FW,Potomac River,1999-08-07T00:00:00Z,yesterday,,daily average withdrawals,1999-08-08,112.1,MGD,
FW Potomac River daily average withdrawals,FW,Potomac River,1999-08-08T00:00:00Z,yesterday,,daily average withdrawals,1999-08-09,96.6,MGD,
FW Potomac River daily average withdrawals,FW,Potomac River,1999-08-09T00:00:00Z,yesterday,,daily average withdrawals,1999-08-10,96.6,MGD,
FW Potomac River daily average withdrawals,FW,Potomac River,1999-08-10T00:00:00Z,yesterday,,daily average withdrawals,1999-08-11,107.7,MGD,
FW Potomac River daily average withdrawals,FW,Potomac River,1999-08-11T00:00:00Z,yesterday,,daily average withdrawals,1999-08-12,112.3,MGD,
FW Potomac River daily average withdrawals,FW,Potomac River,1999-08-12T00:00:00Z,yesterday,,daily average withdrawals,1999-08-13,114.7,MGD,
FW Potomac River daily average withdrawals,FW,Potomac River,1999-08-13T00:00:00Z,yesterday,,daily average withdrawals,1999-08-14,109.7,MGD,
FW Potomac River daily average withdrawals,FW,Potomac River,1999-08-14T00:00:00Z,yesterday,,daily average withdrawals,1999-08-15,94,MGD,
FW Potomac River daily average withdrawals,FW,Potomac River,1999-08-15T00:00:00Z,yesterday,,daily average withdrawals,1999-08-16,88,MGD,
FW Potomac River daily average withdrawals,FW,Potomac River,1999-08-16T00:00:00Z,yesterday,,daily average withdrawals,1999-08-17,102.7,MGD,
FW Potomac River daily average withdrawals,FW,Potomac River,1999-08-17T00:00:00Z,yesterday,,daily average withdrawals,1999-08-18,101.1,MGD,
FW Potomac River daily average withdrawals,FW,Potomac River,1999-08-18T00:00:00Z,yesterday,,daily average withdrawals,1999-08-19,109,MGD,
FW Potomac River daily average withdrawals,FW,Potomac River,1999-08-19T00:00:00Z,yesterday,,daily average withdrawals,1999-08-20,106,MGD,
FW Potomac River daily average withdrawals,FW,Potomac River,1999-08-20T00:00:00Z,yesterday,,daily average withdrawals,1999-08-21,96.2,MGD,
FW Potomac River daily average withdrawals,FW,Potomac River,1999-08-21T00:00:00Z,yesterday,,daily average withdrawals,1999-08-22,99.5,MGD,
FW Potomac River daily average withdrawals,FW,Potomac River,1999-08-22T00:00:00Z,yesterday,,daily average withdrawals,1999-08-23,98.7,MGD,
FW Potomac River daily average withdrawals,FW,Potomac River,1999-08-23T00:00:00Z,yesterday,,daily average withdrawals,1999-08-24,107.3,MGD,
FW Potomac River daily average withdrawals,FW,Potomac River,1999-08-24T00:00:00Z,yesterday,,daily average withdrawals,1999-08-25,85.6,MGD,
FW Potomac River daily average withdrawals,FW,Potomac River,1999-08-25T00:00:00Z,yesterday,,daily average withdrawals,1999-08-26,84.6,MGD,
FW Potomac River daily average withdrawals,FW,Potomac River,1999-08-26T00:00:00Z,yesterday,,daily average withdrawals,1999-08-27,75.4,MGD,
FW Potomac River daily average withdrawals,FW,Potomac River,1999-08-27T00:00:00Z,yesterday,,daily average withdrawals,1999-08-28,72.8,MGD,
FW Potomac River daily average withdrawals,FW,Potomac River,1999-08-28T00:00:00Z,yesterday,,daily average withdrawals,1999-08-29,69.9,MGD,
FW Potomac River daily average withdrawals,FW,Potomac River,1999-08-29T00:00:00Z,yesterday,,daily average withdrawals,1999-08-30,63.5,MGD,
FW Potomac River daily average withdrawals,FW,Potomac River,1999-08-30T00:00:00Z,yesterday,,daily average withdrawals,1999-08-31,68,MGD,
FW Potomac River daily average withdrawals,FW,Potomac River,1999-08-31T00:00:00Z,yesterday,,daily average withdrawals,1999-09-01,67.1,MGD,
FW Potomac River daily average withdrawals,FW,Potomac River,1999-09-01T00:00:00Z,yesterday,,daily average withdrawals,1999-09-02,74.7,MGD,
FW Potomac River daily average withdrawals,FW,Potomac River,1999-09-02T00:00:00Z,yesterday,,daily average withdrawals,1999-09-03,68,MGD,
FW Potomac River daily average withdrawals,FW,Potomac River,1999-09-03T00:00:00Z,yesterday,,daily average withdrawals,1999-09-04,63.5,MGD,
FW Potomac River daily average withdrawals,FW,Potomac River,1999-09-04T00:00:00Z,yesterday,,daily average withdrawals,1999-09-05,79.6,MGD,
FW Potomac River daily average withdrawals,FW,Potomac River,1999-09-05T00:00:00Z,yesterday,,daily average withdrawals,1999-09-06,60.4,MGD,
FW Potomac River daily average withdrawals,FW,Potomac River,1999-09-06T00:00:00Z,yesterday,,daily average withdrawals,1999-09-07,72.8,MGD,
FW Potomac River daily average withdrawals,FW,Potomac River,1999-09-07T00:00:00Z,yesterday,,daily average withdrawals,1999-09-08,57,MGD,
FW Potomac River daily average withdrawals,FW,Potomac River,1999-09-08T00:00:00Z,yesterday,,daily average withdrawals,1999-09-09,60.4,MGD,
FW Potomac River daily average withdrawals,FW,Potomac River,1999-09-09T00:00:00Z,yesterday,,daily average withdrawals,1999-09-10,58.7,MGD,
FW Potomac River daily average withdrawals,FW,Potomac River,1999-09-10T00:00:00Z,yesterday,,daily average withdrawals,1999-09-11,50.9,MGD,
FW Potomac River daily average withdrawals,FW,Potomac River,1999-09-11T00:00:00Z,yesterday,,daily average withdrawals,1999-09-12,54.6,MGD,
FW Potomac River daily average withdrawals,FW,Potomac River,1999-09-12T00:00:00Z,yesterday,,daily average withdrawals,1999-09-13,66.8,MGD,
FW Potomac River daily average withdrawals,FW,Potomac River,1999-09-13T00:00:00Z,yesterday,,daily average withdrawals,1999-09-14,62.3,MGD,
FW Potomac River daily average withdrawals,FW,Potomac River,1999-09-14T00:00:00Z,yesterday,,daily average withdrawals,1999-09-15,60.5,MGD,
FW Potomac River daily average withdrawals,FW,Potomac River,1999-09-15T00:00:00Z,yesterday,,daily average withdrawals,1999-09-16,56.8,MGD,
FW Occoquan Reservoir daily average withdrawals,FW,Occoquan Reservoir,1999-06-01T00:00:00Z,yesterday,,daily average withdrawals,1999-06-02,71,MGD,
FW Occoquan Reservoir daily average withdrawals,FW,Occoquan Reservoir,1999-06-02T00:00:00Z,yesterday,,daily average withdrawals,1999-06-03,66.1,MGD,
FW Occoquan Reservoir daily average withdrawals,FW,Occoquan Reservoir,1999-06-03T00:00:00Z,yesterday,,daily average withdrawals,1999-06-04,70.2,MGD,
FW Occoquan Reservoir daily average withdrawals,FW,Occoquan Reservoir,1999-06-04T00:00:00Z,yesterday,,daily average withdrawals,1999-06-05,74.1,MGD,
FW Occoquan Reservoir daily average withdrawals,FW,Occoquan Reservoir,1999-06-05T00:00:00Z,yesterday,,daily average withdrawals,1999-06-06,77,MGD,
FW Occoquan Reservoir daily average withdrawals,FW,Occoquan Reservoir,1999-06-06T00:00:00Z,yesterday,,daily average withdrawals,1999-06-07,84.7,MGD,
FW Occoquan Reservoir daily average withdrawals,FW,Occoquan Reservoir,1999-06-07T00:00:00Z,yesterday,,daily average withdrawals,1999-06-08,87.5,MGD,
FW Occoquan Reservoir daily average withdrawals,FW,Occoquan Reservoir,1999-06-08T00:00:00Z,yesterday,,daily average withdrawals,1999-06-09,92.3,MGD,
FW Occoquan Reservoir daily average withdrawals,FW,Occoquan Reservoir,1999-06-09T00:00:00Z,yesterday,,daily average withdrawals,1999-06-10,91.5,MGD,
FW Occoquan Reservoir daily average withdrawals,FW,Occoquan Reservoir,1999-06-10T00:00:00Z,yesterday,,daily average withdrawals,1999-06-11,83.8,MGD,
FW Occoquan Reservoir daily average withdrawals,FW,Occoquan Reservoir,1999-06-11T00:00:00Z,yesterday,,daily average withdrawals,1999-06-12,82.8,MGD,
FW Occoquan Reservoir daily average withdrawals,FW,Occoquan Reservoir,1999-06-12T00:00:00Z,yesterday,,daily average withdrawals,1999-06-13,79.9,MGD,
FW Occoquan Reservoir daily average withdrawals,FW,Occoquan Reservoir,1999-06-13T00:00:00Z,yesterday,,daily average withdrawals,1999-06-14,73.7,MGD,
FW Occoquan Reservoir daily average withdrawals,FW,Occoquan Reservoir,1999-06-14T00:00:00Z,yesterday,,daily average withdrawals,1999-06-15,70,MGD,
FW Occoquan Reservoir daily average withdrawals,FW,Occoquan Reservoir,1999-06-15T00:00:00Z,yesterday,,daily average withdrawals,1999-06-16,62.6,MGD,
FW Occoquan Reservoir daily average withdrawals,FW,Occoquan Reservoir,1999-06-16T00:00:00Z,yesterday,,daily average withdrawals,1999-06-17,62.9,MGD,
FW Occoquan Reservoir daily average withdrawals,FW,Occoquan Reservoir,1999-06-17T00:00:00Z,yesterday,,daily average withdrawals,1999-06-18,54,MGD,
FW Occoquan Reservoir daily average withdrawals,FW,Occoquan Reservoir,1999-06-18T00:00:00Z,yesterday,,daily average withdrawals,1999-06-19,55.5,MGD,
FW Occoquan Reservoir daily average withdrawals,FW,Occoquan Reservoir,1999-06-19T00:00:00Z,yesterday,,daily average withdrawals,1999-06-20,68.1,MGD,
FW Occoquan Reservoir daily average withdrawals,FW,Occoquan Reservoir,1999-06-20T00:00:00Z,yesterday,,daily average withdrawals,1999-06-21,62.4,MGD,
FW Occoquan Reservoir daily average withdrawals,FW,Occoquan Reservoir,1999-06-21T00:00:00Z,yesterday,,daily average withdrawals,1999-06-22,60,MGD,
FW Occoquan Reservoir daily average withdrawals,FW,Occoquan Reservoir,1999-06-22T00:00:00Z,yesterday,,daily average withdrawals,1999-06-23,60.3,MGD,
FW Occoquan Reservoir daily average withdrawals,FW,Occoquan Reservoir,1999-06-23T00:00:00Z,yesterday,,daily average withdrawals,1999-06-24,64.8,MGD,
FW Occoquan Reservoir daily average withdrawals,FW,Occoquan Reservoir,1999-06-24T00:00:00Z,yesterday,,daily average withdrawals,1999-06-25,63.7,MGD,
FW Occoquan Reservoir daily average withdrawals,FW,Occoquan Reservoir,1999-06-25T00:00:00Z,yesterday,,daily average withdrawals,1999-06-26,68.5,MGD,
FW Occoquan Reservoir daily average withdrawals,FW,Occoquan Reservoir,1999-06-26T00:00:00Z,yesterday,,daily average withdrawals,1999-06-27,74.8,MGD,
FW Occoquan Reservoir daily average withdrawals,FW,Occoquan Reservoir,1999-06-27T00:00:00Z,yesterday,,daily average withdrawals,1999-06-28,76.9,MGD,
FW Occoquan Reservoir daily average withdrawals,FW,Occoquan Reservoir,1999-06-28T00:00:00Z,yesterday,,daily average withdrawals,1999-06-29,72.5,MGD,
FW Occoquan Reservoir daily average withdrawals,FW,Occoquan Reservoir,1999-06-29T00:00:00Z,yesterday,,daily average withdrawals,1999-06-30,58.8,MGD,
FW Occoquan Reservoir daily average withdrawals,FW,Occoquan Reservoir,1999-06-30T00:00:00Z,yesterday,,daily average withdrawals,1999-07-01,60.7,MGD,
FW Occoquan Reservoir daily average withdrawals,FW,Occoquan Reservoir,1999-07-01T00:00:00Z,yesterday,,daily average withdrawals,1999-07-02,61.1,MGD,
FW Occoquan Reservoir daily average withdrawals,FW,Occoquan Reservoir,1999-07-02T00:00:00Z,yesterday,,daily average withdrawals,1999-07-03,63.7,MGD,
FW Occoquan Reservoir daily average withdrawals,FW,Occoquan Reservoir,1999-07-03T00:00:00Z,yesterday,,daily average withdrawals,1999-07-04,66.4,MGD,
FW Occoquan Reservoir daily average withdrawals,FW,Occoquan Reservoir,1999-07-04T00:00:00Z,yesterday,,daily average withdrawals,1999-07-05,73.9,MGD,
FW Occoquan Reservoir daily average withdrawals,FW,Occoquan Reservoir,1999-07-05T00:00:00Z,yesterday,,daily average withdrawals,1999-07-06,84.2,MGD,
FW Occoquan Reservoir daily average withdrawals,FW,Occoquan Reservoir,1999-07-06T00:00:00Z,yesterday,,daily average withdrawals,1999-07-07,79.8,MGD,
FW Occoquan Reservoir daily average withdrawals,FW,Occoquan Reservoir,1999-07-07T00:00:00Z,yesterday,,daily average withdrawals,1999-07-08,79.5,MGD,
FW Occoquan Reservoir daily average withdrawals,FW,Occoquan Reservoir,1999-07-08T00:00:00Z,yesterday,,daily average withdrawals,1999-07-09,78.4,MGD,
FW Occoquan Reservoir daily average withdrawals,FW,Occoquan Reservoir,1999-07-09T00:00:00Z,yesterday,,daily average withdrawals,1999-07-10,80,MGD,
FW Occoquan Reservoir daily average withdrawals,FW,Occoquan Reservoir,1999-07-10T00:00:00Z,yesterday,,daily average withdrawals,1999-07-11,76.9,MGD,
FW Occoquan Reservoir daily average withdrawals,FW,Occoquan Reservoir,1999-07-11T00:00:00Z,yesterday,,daily average withdrawals,1999-07-12,83.5,MGD,
FW Occoquan Reservoir daily average withdrawals,FW,Occoquan Reservoir,1999-07-12T00:00:00Z,yesterday,,daily average withdrawals,1999-07-13,72.5,MGD,
FW Occoquan Reservoir daily average withdrawals,FW,Occoquan Reservoir,1999-07-13T00:00:00Z,yesterday,,daily average withdrawals,1999-07-14,60.4,MGD,
FW Occoquan Reservoir daily average withdrawals,FW,Occoquan Reservoir,1999-07-14T00:00:00Z,yesterday,,daily average withdrawals,1999-07-15,57.9,MGD,
FW Occoquan Reservoir daily average withdrawals,FW,Occoquan Reservoir,1999-07-15T00:00:00Z,yesterday,,daily average withdrawals,1999-07-16,66.5,MGD,
FW Occoquan Reservoir daily average withdrawals,FW,Occoquan Reservoir,1999-07-16T00:00:00Z,yesterday,,daily average withdrawals,1999-07-17,85.7,MGD,
FW Occoquan Reservoir daily average withdrawals,FW,Occoquan Reservoir,1999-07-17T00:00:00Z,yesterday,,daily average withdrawals,1999-07-18,82.3,MGD,
FW Occoquan Reservoir daily average withdrawals,FW,Occoquan Reservoir,1999-07-18T00:00:00Z,yesterday,,daily average withdrawals,1999-07-19,87.8,MGD,
FW Occoquan Reservoir daily average withdrawals,FW,Occoquan Reservoir,1999-07-19T00:00:00Z,yesterday,,daily average withdrawals,1999-07-20,90.6,MGD,
FW Occoquan Reservoir daily average withdrawals,FW,Occoquan Reservoir,1999-07-20T00:00:00Z,yesterday,,daily average withdrawals,1999-07-21,78.3,MGD,
FW Occoquan Reservoir daily average withdrawals,FW,Occoquan Reservoir,1999-07-21T00:00:00Z,yesterday,,daily average withdrawals,1999-07-22,70.7,MGD,
FW Occoquan Reservoir daily average withdrawals,FW,Occoquan Reservoir,1999-07-22T00:00:00Z,yesterday,,daily average withdrawals,1999-07-23,66.9,MGD,
FW Occoquan Reservoir daily average withdrawals,FW,Occoquan Reservoir,1999-07-23T00:00:00Z,yesterday,,daily average withdrawals,1999-07-24,66.3,MGD,
FW Occoquan Reservoir daily average withdrawals,FW,Occoquan Reservoir,1999-07-24T00:00:00Z,yesterday,,daily average withdrawals,1999-07-25,59.4,MGD,
FW Occoquan Reservoir daily average withdrawals,FW,Occoquan Reservoir,1999-07-25T00:00:00Z,yesterday,,daily average withdrawals,1999-07-26,72.9,MGD,
FW Occoquan Reservoir daily average withdrawals,FW,Occoquan Reservoir,1999-07-26T00:00:00Z,yesterday,,daily average withdrawals,1999-07-27,61,MGD,
FW Occoquan Reservoir daily average withdrawals,FW,Occoquan Reservoir,1999-07-27T00:00:00Z,yesterday,,daily average withdrawals,1999-07-28,61.9,MGD,
FW Occoquan Reservoir daily average withdrawals,FW,Occoquan Reservoir,1999-07-28T00:00:00Z,yesterday,,daily average withdrawals,1999-07-29,71.2,MGD,
FW Occoquan Reservoir daily average withdrawals,FW,Occoquan Reservoir,1999-07-29T00:00:00Z,yesterday,,daily average withdrawals,1999-07-30,60.8,MGD,
FW Occoquan Reservoir daily average withdrawals,FW,Occoquan Reservoir,1999-07-30T00:00:00Z,yesterday,,daily average withdrawals,1999-07-31,67.6,MGD,
FW Occoquan Reservoir daily average withdrawals,FW,Occoquan Reservoir,1999-07-31T00:00:00Z,yesterday,,daily average withdrawals,1999-08-01,71.2,MGD,
FW Occoquan Reservoir daily average withdrawals,FW,Occoquan Reservoir,1999-08-01T00:00:00Z,yesterday,,daily average withdrawals,1999-08-02,73,MGD,
FW Occoquan Reservoir daily average withdrawals,FW,Occoquan Reservoir,1999-08-02T00:00:00Z,yesterday,,daily average withdrawals,1999-08-03,62.8,MGD,
FW Occoquan Reservoir daily average withdrawals,FW,Occoquan Reservoir,1999-08-03T00:00:00Z,yesterday,,daily average withdrawals,1999-08-04,65.8,MGD,
FW Occoquan Reservoir daily average withdrawals,FW,Occoquan Reservoir,1999-08-04T00:00:00Z,yesterday,,daily average withdrawals,1999-08-05,71.6,MGD,
FW Occoquan Reservoir daily average withdrawals,FW,Occoquan Reservoir,1999-08-05T00:00:00Z,yesterday,,daily average withdrawals,1999-08-06,75.9,MGD,
FW Occoquan Reservoir daily average withdrawals,FW,Occoquan Reservoir,1999-08-06T00:00:00Z,yesterday,,daily average withdrawals,1999-08-07,83.7,MGD,
FW Occoquan Reservoir daily average withdrawals,FW,Occoquan Reservoir,1999-08-07T00:00:00Z,yesterday,,daily average withdrawals,1999-08-08,76.6,MGD,
FW Occoquan Reservoir daily average withdrawals,FW,Occoquan Reservoir,1999-08-08T00:00:00Z,yesterday,,daily average withdrawals,1999-08-09,75.4,MGD,
FW Occoquan Reservoir daily average withdrawals,FW,Occoquan Reservoir,1999-08-09T00:00:00Z,yesterday,,daily average withdrawals,1999-08-10,70,MGD,
FW Occoquan Reservoir daily average withdrawals,FW,Occoquan Reservoir,1999-08-10T00:00:00Z,yesterday,,daily average withdrawals,1999-08-11,67.5,MGD,
FW Occoquan Reservoir daily average withdrawals,FW,Occoquan Reservoir,1999-08-11T00:00:00Z,yesterday,,daily average withdrawals,1999-08-12,70.1,MGD,
FW Occoquan Reservoir daily average withdrawals,FW,Occoquan Reservoir,1999-08-12T00:00:00Z,yesterday,,daily average withdrawals,1999-08-13,77.1,MGD,
FW Occoquan Reservoir daily average withdrawals,FW,Occoquan Reservoir,1999-08-13T00:00:00Z,yesterday,,daily average withdrawals,1999-08-14,72.3,MGD,
FW Occoquan Reservoir daily average withdrawals,FW,Occoquan Reservoir,1999-08-14T00:00:00Z,yesterday,,daily average withdrawals,1999-08-15,68.1,MGD,
FW Occoquan Reservoir daily average withdrawals,FW,Occoquan Reservoir,1999-08-15T00:00:00Z,yesterday,,daily average withdrawals,1999-08-16,62.7,MGD,
FW Occoquan Reservoir daily average withdrawals,FW,Occoquan Reservoir,1999-08-16T00:00:00Z,yesterday,,daily average withdrawals,1999-08-17,58.4,MGD,
FW Occoquan Reservoir daily average withdrawals,FW,Occoquan Reservoir,1999-08-17T00:00:00Z,yesterday,,daily average withdrawals,1999-08-18,61.4,MGD,
FW Occoquan Reservoir daily average withdrawals,FW,Occoquan Reservoir,1999-08-18T00:00:00Z,yesterday,,daily average withdrawals,1999-08-19,67.3,MGD,
FW Occoquan Reservoir daily average withdrawals,FW,Occoquan Reservoir,1999-08-19T00:00:00Z,yesterday,,daily average withdrawals,1999-08-20,70,MGD,
FW Occoquan Reservoir daily average withdrawals,FW,Occoquan Reservoir,1999-08-20T00:00:00Z,yesterday,,daily average withdrawals,1999-08-21,57,MGD,
FW Occoquan Reservoir daily average withdrawals,FW,Occoquan Reservoir,1999-08-21T00:00:00Z,yesterday,,daily average withdrawals,1999-08-22,54.1,MGD,
FW Occoquan Reservoir daily average withdrawals,FW,Occoquan Reservoir,1999-08-22T00:00:00Z,yesterday,,daily average withdrawals,1999-08-23,56.9,MGD,
FW Occoquan Reservoir daily average withdrawals,FW,Occoquan Reservoir,1999-08-23T00:00:00Z,yesterday,,daily average withdrawals,1999-08-24,54.2,MGD,
FW Occoquan Reservoir daily average withdrawals,FW,Occoquan Reservoir,1999-08-24T00:00:00Z,yesterday,,daily average withdrawals,1999-08-25,54.9,MGD,
FW Occoquan Reservoir daily average withdrawals,FW,Occoquan Reservoir,1999-08-25T00:00:00Z,yesterday,,daily average withdrawals,1999-08-26,55.1,MGD,
FW Occoquan Reservoir daily average withdrawals,FW,Occoquan Reservoir,1999-08-26T00:00:00Z,yesterday,,daily average withdrawals,1999-08-27,55.1,MGD,
FW Occoquan Reservoir daily average withdrawals,FW,Occoquan Reservoir,1999-08-27T00:00:00Z,yesterday,,daily average withdrawals,1999-08-28,68.2,MGD,
FW Occoquan Reservoir daily average withdrawals,FW,Occoquan Reservoir,1999-08-28T00:00:00Z,yesterday,,daily average withdrawals,1999-08-29,70.5,MGD,
FW Occoquan Reservoir daily average withdrawals,FW,Occoquan Reservoir,1999-08-29T00:00:00Z,yesterday,,daily average withdrawals,1999-08-30,71.7,MGD,
FW Occoquan Reservoir daily average withdrawals,FW,Occoquan Reservoir,1999-08-30T00:00:00Z,yesterday,,daily average withdrawals,1999-08-31,77.6,MGD,
FW Occoquan Reservoir daily average withdrawals,FW,Occoquan Reservoir,1999-08-31T00:00:00Z,yesterday,,daily average withdrawals,1999-09-01,66.1,MGD,
FW Occoquan Reservoir daily average withdrawals,FW,Occoquan Reservoir,1999-09-01T00:00:00Z,yesterday,,daily average withdrawals,1999-09-02,74.2,MGD,
FW Occoquan Reservoir daily average withdrawals,FW,Occoquan Reservoir,1999-09-02T00:00:00Z,yesterday,,daily average withdrawals,1999-09-03,76.8,MGD,
FW Occoquan Reservoir daily average withdrawals,FW,Occoquan Reservoir,1999-09-03T00:00:00Z,yesterday,,daily average withdrawals,1999-09-04,80.9,MGD,
FW Occoquan Reservoir daily average withdrawals,FW,Occoquan Reservoir,1999-09-04T00:00:00Z,yesterday,,daily average withdrawals,1999-09-05,62.7,MGD,
FW Occoquan Reservoir daily average withdrawals,FW,Occoquan Reservoir,1999-09-05T00:00:00Z,yesterday,,daily average withdrawals,1999-09-06,65.3,MGD,
FW Occoquan Reservoir daily average withdrawals,FW,Occoquan Reservoir,1999-09-06T00:00:00Z,yesterday,,daily average withdrawals,1999-09-07,74,MGD,
FW Occoquan Reservoir daily average withdrawals,FW,Occoquan Reservoir,1999-09-07T00:00:00Z,yesterday,,daily average withdrawals,1999-09-08,75.8,MGD,
FW Occoquan Reservoir daily average withdrawals,FW,Occoquan Reservoir,1999-09-08T00:00:00Z,yesterday,,daily average withdrawals,1999-09-09,73.5,MGD,
FW Occoquan Reservoir daily average withdrawals,FW,Occoquan Reservoir,1999-09-09T00:00:00Z,yesterday,,daily average withdrawals,1999-09-10,74.9,MGD,
FW Occoquan Reservoir daily average withdrawals,FW,Occoquan Reservoir,1999-09-10T00:00:00Z,yesterday,,daily average withdrawals,1999-09-11,77.7,MGD,
FW Occoquan Reservoir daily average withdrawals,FW,Occoquan Reservoir,1999-09-11T00:00:00Z,yesterday,,daily average withdrawals,1999-09-12,77.2,MGD,
FW Occoquan Reservoir daily average withdrawals,FW,Occoquan Reservoir,1999-09-12T00:00:00Z,yesterday,,daily average withdrawals,1999-09-13,82.4,MGD,
FW Occoquan Reservoir daily average withdrawals,FW,Occoquan Reservoir,1999-09-13T00:00:00Z,yesterday,,daily average withdrawals,1999-09-14,73.8,MGD,
FW Occoquan Reservoir daily average withdrawals,FW,Occoquan Reservoir,1999-09-14T00:00:00Z,yesterday,,daily average withdrawals,1999-09-15,72.4,MGD,
FW Occoquan Reservoir daily average withdrawals,FW,Occoquan Reservoir,1999-09-15T00:00:00Z,yesterday,,daily average withdrawals,1999-09-16,71,MGD,
WA Potomac River at Great Falls daily average withdrawals,WA,Potomac River at Great Falls,1999-06-01T00:00:00Z,yesterday,,daily average withdrawals,1999-06-02,187.10001,MGD,
WA Potomac River at Great Falls daily average withdrawals,WA,Potomac River at Great Falls,1999-06-02T00:00:00Z,yesterday,,daily average withdrawals,1999-06-03,166.17,MGD,
WA Potomac River at Great Falls daily average withdrawals,WA,Potomac River at Great Falls,1999-06-03T00:00:00Z,yesterday,,daily average withdrawals,1999-06-04,178.41,MGD,
WA Potomac River at Great Falls daily average withdrawals,WA,Potomac River at Great Falls,1999-06-04T00:00:00Z,yesterday,,daily average withdrawals,1999-06-05,190.19,MGD,
WA Potomac River at Great Falls daily average withdrawals,WA,Potomac River at Great Falls,1999-06-05T00:00:00Z,yesterday,,daily average withdrawals,1999-06-06,184.02,MGD,
WA Potomac River at Great Falls daily average withdrawals,WA,Potomac River at Great Falls,1999-06-06T00:00:00Z,yesterday,,daily average withdrawals,1999-06-07,194.17999,MGD,
WA Potomac River at Great Falls daily average withdrawals,WA,Potomac River at Great Falls,1999-06-07T00:00:00Z,yesterday,,daily average withdrawals,1999-06-08,181.49001,MGD,
WA Potomac River at Great Falls daily average withdrawals,WA,Potomac River at Great Falls,1999-06-08T00:00:00Z,yesterday,,daily average withdrawals,1999-06-09,182.60001,MGD,
WA Potomac River at Great Falls daily average withdrawals,WA,Potomac River at Great Falls,1999-06-09T00:00:00Z,yesterday,,daily average withdrawals,1999-06-10,174.69,MGD,
WA Potomac River at Great Falls daily average withdrawals,WA,Potomac River at Great Falls,1999-06-10T00:00:00Z,yesterday,,daily average withdrawals,1999-06-11,164.56,MGD,
WA Potomac River at Great Falls daily average withdrawals,WA,Potomac River at Great Falls,1999-06-11T00:00:00Z,yesterday,,daily average withdrawals,1999-06-12,181.61,MGD,
WA Potomac River at Great Falls daily average withdrawals,WA,Potomac River at Great Falls,1999-06-12T00:00:00Z,yesterday,,daily average withdrawals,1999-06-13,177.63,MGD,
WA Potomac River at Great Falls daily average withdrawals,WA,Potomac River at Great Falls,1999-06-13T00:00:00Z,yesterday,,daily average withdrawals,1999-06-14,174.92,MGD,
WA Potomac River at Great Falls daily average withdrawals,WA,Potomac River at Great Falls,1999-06-14T00:00:00Z,yesterday,,daily average withdrawals,1999-06-15,142.52,MGD,
WA Potomac River at Great Falls daily average withdrawals,WA,Potomac River at Great Falls,1999-06-15T00:00:00Z,yesterday,,daily average withdrawals,1999-06-16,104.68,MGD,
WA Potomac River at Great Falls daily average withdrawals,WA,Potomac River at Great Falls,1999-06-16T00:00:00Z,yesterday,,daily average withdrawals,1999-06-17,122.33,MGD,
WA Potomac River at Great Falls daily average withdrawals,WA,Potomac River at Great Falls,1999-06-17T00:00:00Z,yesterday,,daily average withdrawals,1999-06-18,182.77,MGD,
WA Potomac River at Great Falls daily average withdrawals,WA,Potomac River at Great Falls,1999-06-18T00:00:00Z,yesterday,,daily average withdrawals,1999-06-19,165.44,MGD,
WA Potomac River at Great Falls daily average withdrawals,WA,Potomac River at Great Falls,1999-06-19T00:00:00Z,yesterday,,daily average withdrawals,1999-06-20,187.39999,MGD,
WA Potomac River at Great Falls daily average withdrawals,WA,Potomac River at Great Falls,1999-06-20T00:00:00Z,yesterday,,daily average withdrawals,1999-06-21,180.25,MGD,
WA Potomac River at Great Falls daily average withdrawals,WA,Potomac River at Great Falls,1999-06-21T00:00:00Z,yesterday,,daily average withdrawals,1999-06-22,178.56,MGD,
WA Potomac River at Great Falls daily average withdrawals,WA,Potomac River at Great Falls,1999-06-22T00:00:00Z,yesterday,,daily average withdrawals,1999-06-23,176.71001,MGD,
WA Potomac River at Great Falls daily average withdrawals,WA,Potomac River at Great Falls,1999-06-23T00:00:00Z,yesterday,,daily average withdrawals,1999-06-24,178.45,MGD,
WA Potomac River at Great Falls daily average withdrawals,WA,Potomac River at Great Falls,1999-06-24T00:00:00Z,yesterday,,daily average withdrawals,1999-06-25,176.82001,MGD,
WA Potomac River at Great Falls daily average withdrawals,WA,Potomac River at Great Falls,1999-06-25T00:00:00Z,yesterday,,daily average withdrawals,1999-06-26,170.45,MGD,
WA Potomac River at Great Falls daily average withdrawals,WA,Potomac River at Great Falls,1999-06-26T00:00:00Z,yesterday,,daily average withdrawals,1999-06-27,177.25,MGD,
WA Potomac River at Great Falls daily average withdrawals,WA,Potomac River at Great Falls,1999-06-27T00:00:00Z,yesterday,,daily average withdrawals,1999-06-28,185.10001,MGD,
WA Potomac River at Great Falls daily average withdrawals,WA,Potomac River at Great Falls,1999-06-28T00:00:00Z,yesterday,,daily average withdrawals,1999-06-29,161.37,MGD,
WA Potomac River at Great Falls daily average withdrawals,WA,Potomac River at Great Falls,1999-06-29T00:00:00Z,yesterday,,daily average withdrawals,1999-06-30,192.75999,MGD,
WA Potomac River at Great Falls daily average withdrawals,WA,Potomac River at Great Falls,1999-06-30T00:00:00Z,yesterday,,daily average withdrawals,1999-07-01,181.19,MGD,
WA Potomac River at Great Falls daily average withdrawals,WA,Potomac River at Great Falls,1999-07-01T00:00:00Z,yesterday,,daily average withdrawals,1999-07-02,167.22,MGD,
WA Potomac River at Great Falls daily average withdrawals,WA,Potomac River at Great Falls,1999-07-02T00:00:00Z,yesterday,,daily average withdrawals,1999-07-03,189.46,MGD,
WA Potomac River at Great Falls daily average withdrawals,WA,Potomac River at Great Falls,1999-07-03T00:00:00Z,yesterday,,daily average withdrawals,1999-07-04,199.69,MGD,
WA Potomac River at Great Falls daily average withdrawals,WA,Potomac River at Great Falls,1999-07-04T00:00:00Z,yesterday,,daily average withdrawals,1999-07-05,182.27,MGD,
WA Potomac River at Great Falls daily average withdrawals,WA,Potomac River at Great Falls,1999-07-05T00:00:00Z,yesterday,,daily average withdrawals,1999-07-06,190.31,MGD,
WA Potomac River at Great Falls daily average withdrawals,WA,Potomac River at Great Falls,1999-07-06T00:00:00Z,yesterday,,daily average withdrawals,1999-07-07,188.31,MGD,
WA Potomac River at Great Falls daily average withdrawals,WA,Potomac River at Great Falls,1999-07-07T00:00:00Z,yesterday,,daily average withdrawals,1999-07-08,194.08,MGD,
WA Potomac River at Great Falls daily average withdrawals,WA,Potomac River at Great Falls,1999-07-08T00:00:00Z,yesterday,,daily average withdrawals,1999-07-09,186.78,MGD,
WA Potomac River at Great Falls daily average withdrawals,WA,Potomac River at Great Falls,1999-07-09T00:00:00Z,yesterday,,daily average withdrawals,1999-07-10,181.15,MGD,
WA Potomac River at Great Falls daily average withdrawals,WA,Potomac River at Great Falls,1999-07-10T00:00:00Z,yesterday,,daily average withdrawals,1999-07-11,150.2,MGD,
WA Potomac River at Great Falls daily average withdrawals,WA,Potomac River at Great Falls,1999-07-11T00:00:00Z,yesterday,,daily average withdrawals,1999-07-12,196.65,MGD,
WA Potomac River at Great Falls daily average withdrawals,WA,Potomac River at Great Falls,1999-07-12T00:00:00Z,yesterday,,daily average withdrawals,1999-07-13,171.44,MGD,
WA Potomac River at Great Falls daily average withdrawals,WA,Potomac River at Great Falls,1999-07-13T00:00:00Z,yesterday,,daily average withdrawals,1999-07-14,157.2,MGD,
WA Potomac River at Great Falls daily average withdrawals,WA,Potomac River at Great Falls,1999-07-14T00:00:00Z,yesterday,,daily average withdrawals,1999-07-15,166.68,MGD,
WA Potomac River at Great Falls daily average withdrawals,WA,Potomac River at Great Falls,1999-07-15T00:00:00Z,yesterday,,daily average withdrawals,1999-07-16,165.03,MGD,
WA Potomac River at Great Falls daily average withdrawals,WA,Potomac River at Great Falls,1999-07-16T00:00:00Z,yesterday,,daily average withdrawals,1999-07-17,139.9,MGD,
WA Potomac River at Great Falls daily average withdrawals,WA,Potomac River at Great Falls,1999-07-17T00:00:00Z,yesterday,,daily average withdrawals,1999-07-18,128.05,MGD,
WA Potomac River at Great Falls daily average withdrawals,WA,Potomac River at Great Falls,1999-07-18T00:00:00Z,yesterday,,daily average withdrawals,1999-07-19,123.7,MGD,
WA Potomac River at Great Falls daily average withdrawals,WA,Potomac River at Great Falls,1999-07-19T00:00:00Z,yesterday,,daily average withdrawals,1999-07-20,127.41,MGD,
WA Potomac River at Great Falls daily average withdrawals,WA,Potomac River at Great Falls,1999-07-20T00:00:00Z,yesterday,,daily average withdrawals,1999-07-21,169,MGD,
WA Potomac River at Great Falls daily average withdrawals,WA,Potomac River at Great Falls,1999-07-21T00:00:00Z,yesterday,,daily average withdrawals,1999-07-22,194.72,MGD,
WA Potomac River at Great Falls daily average withdrawals,WA,Potomac River at Great Falls,1999-07-22T00:00:00Z,yesterday,,daily average withdrawals,1999-07-23,126.67,MGD,
WA Potomac River at Great Falls daily average withdrawals,WA,Potomac River at Great Falls,1999-07-23T00:00:00Z,yesterday,,daily average withdrawals,1999-07-24,135.86,MGD,
WA Potomac River at Great Falls daily average withdrawals,WA,Potomac River at Great Falls,1999-07-24T00:00:00Z,yesterday,,daily average withdrawals,1999-07-25,112.62,MGD,
WA Potomac River at Great Falls daily average withdrawals,WA,Potomac River at Great Falls,1999-07-25T00:00:00Z,yesterday,,daily average withdrawals,1999-07-26,119.08,MGD,
WA Potomac River at Great Falls daily average withdrawals,WA,Potomac River at Great Falls,1999-07-26T00:00:00Z,yesterday,,daily average withdrawals,1999-07-27,152.56,MGD,
WA Potomac River at Great Falls daily average withdrawals,WA,Potomac River at Great Falls,1999-07-27T00:00:00Z,yesterday,,daily average withdrawals,1999-07-28,184.23,MGD,
WA Potomac River at Great Falls daily average withdrawals,WA,Potomac River at Great Falls,1999-07-28T00:00:00Z,yesterday,,daily average withdrawals,1999-07-29,184.19,MGD,
WA Potomac River at Great Falls daily average withdrawals,WA,Potomac River at Great Falls,1999-07-29T00:00:00Z,yesterday,,daily average withdrawals,1999-07-30,157.55,MGD,
WA Potomac River at Great Falls daily average withdrawals,WA,Potomac River at Great Falls,1999-07-30T00:00:00Z,yesterday,,daily average withdrawals,1999-07-31,181.99,MGD,
WA Potomac River at Great Falls daily average withdrawals,WA,Potomac River at Great Falls,1999-07-31T00:00:00Z,yesterday,,daily average withdrawals,1999-08-01,186.83,MGD,
WA Potomac River at Great Falls daily average withdrawals,WA,Potomac River at Great Falls,1999-08-01T00:00:00Z,yesterday,,daily average withdrawals,1999-08-02,145.78,MGD,
WA Potomac River at Great Falls daily average withdrawals,WA,Potomac River at Great Falls,1999-08-02T00:00:00Z,yesterday,,daily average withdrawals,1999-08-03,176.18,MGD,
WA Potomac River at Great Falls daily average withdrawals,WA,Potomac River at Great Falls,1999-08-03T00:00:00Z,yesterday,,daily average withdrawals,1999-08-04,163.74,MGD,
WA Potomac River at Great Falls daily average withdrawals,WA,Potomac River at Great Falls,1999-08-04T00:00:00Z,yesterday,,daily average withdrawals,1999-08-05,172.34,MGD,
WA Potomac River at Great Falls daily average withdrawals,WA,Potomac River at Great Falls,1999-08-05T00:00:00Z,yesterday,,daily average withdrawals,1999-08-06,151.94,MGD,
WA Potomac River at Great Falls daily average withdrawals,WA,Potomac River at Great Falls,1999-08-06T00:00:00Z,yesterday,,daily average withdrawals,1999-08-07,123.26,MGD,
WA Potomac River at Great Falls daily average withdrawals,WA,Potomac River at Great Falls,1999-08-07T00:00:00Z,yesterday,,daily average withdrawals,1999-08-08,186.84,MGD,
WA Potomac River at Great Falls daily average withdrawals,WA,Potomac River at Great Falls,1999-08-08T00:00:00Z,yesterday,,daily average withdrawals,1999-08-09,181.68,MGD,
WA Potomac River at Great Falls daily average withdrawals,WA,Potomac River at Great Falls,1999-08-09T00:00:00Z,yesterday,,daily average withdrawals,1999-08-10,176.12,MGD,
WA Potomac River at Great Falls daily average withdrawals,WA,Potomac River at Great Falls,1999-08-10T00:00:00Z,yesterday,,daily average withdrawals,1999-08-11,137.52,MGD,
WA Potomac River at Great Falls daily average withdrawals,WA,Potomac River at Great Falls,1999-08-11T00:00:00Z,yesterday,,daily average withdrawals,1999-08-12,108.56,MGD,
WA Potomac River at Great Falls daily average withdrawals,WA,Potomac River at Great Falls,1999-08-12T00:00:00Z,yesterday,,daily average withdrawals,1999-08-13,65.99,MGD,
WA Potomac River at Great Falls daily average withdrawals,WA,Potomac River at Great Falls,1999-08-13T00:00:00Z,yesterday,,daily average withdrawals,1999-08-14,47.42,MGD,
WA Potomac River at Great Falls daily average withdrawals,WA,Potomac River at Great Falls,1999-08-14T00:00:00Z,yesterday,,daily average withdrawals,1999-08-15,6.78,MGD,
WA Potomac River at Great Falls daily average withdrawals,WA,Potomac River at Great Falls,1999-08-15T00:00:00Z,yesterday,,daily average withdrawals,1999-08-16,78.108,MGD,
WA Potomac River at Great Falls daily average withdrawals,WA,Potomac River at Great Falls,1999-08-16T00:00:00Z,yesterday,,daily average withdrawals,1999-08-17,173.55,MGD,
WA Potomac River at Great Falls daily average withdrawals,WA,Potomac River at Great Falls,1999-08-17T00:00:00Z,yesterday,,daily average withdrawals,1999-08-18,145.16,MGD,
WA Potomac River at Great Falls daily average withdrawals,WA,Potomac River at Great Falls,1999-08-18T00:00:00Z,yesterday,,daily average withdrawals,1999-08-19,37.35,MGD,
WA Potomac River at Great Falls daily average withdrawals,WA,Potomac River at Great Falls,1999-08-19T00:00:00Z,yesterday,,daily average withdrawals,1999-08-20,87.5,MGD,
WA Potomac River at Great Falls daily average withdrawals,WA,Potomac River at Great Falls,1999-08-20T00:00:00Z,yesterday,,daily average withdrawals,1999-08-21,124.13,MGD,
WA Potomac River at Great Falls daily average withdrawals,WA,Potomac River at Great Falls,1999-08-21T00:00:00Z,yesterday,,daily average withdrawals,1999-08-22,174.74,MGD,
WA Potomac River at Great Falls daily average withdrawals,WA,Potomac River at Great Falls,1999-08-22T00:00:00Z,yesterday,,daily average withdrawals,1999-08-23,190.19,MGD,
WA Potomac River at Great Falls daily average withdrawals,WA,Potomac River at Great Falls,1999-08-23T00:00:00Z,yesterday,,daily average withdrawals,1999-08-24,173.6,MGD,
WA Potomac River at Great Falls daily average withdrawals,WA,Potomac River at Great Falls,1999-08-24T00:00:00Z,yesterday,,daily average withdrawals,1999-08-25,180.1,MGD,
WA Potomac River at Great Falls daily average withdrawals,WA,Potomac River at Great Falls,1999-08-25T00:00:00Z,yesterday,,daily average withdrawals,1999-08-26,178.08,MGD,
WA Potomac River at Great Falls daily average withdrawals,WA,Potomac River at Great Falls,1999-08-26T00:00:00Z,yesterday,,daily average withdrawals,1999-08-27,195.39,MGD,
WA Potomac River at Great Falls daily average withdrawals,WA,Potomac River at Great Falls,1999-08-27T00:00:00Z,yesterday,,daily average withdrawals,1999-08-28,192.59,MGD,
WA Potomac River at Great Falls daily average withdrawals,WA,Potomac River at Great Falls,1999-08-28T00:00:00Z,yesterday,,daily average withdrawals,1999-08-29,182.12,MGD,
WA Potomac River at Great Falls daily average withdrawals,WA,Potomac River at Great Falls,1999-08-29T00:00:00Z,yesterday,,daily average withdrawals,1999-08-30,197.77,MGD,
WA Potomac River at Great Falls daily average withdrawals,WA,Potomac River at Great Falls,1999-08-30T00:00:00Z,yesterday,,daily average withdrawals,1999-08-31,170.2,MGD,
WA Potomac River at Great Falls daily average withdrawals,WA,Potomac River at Great Falls,1999-08-31T00:00:00Z,yesterday,,daily average withdrawals,1999-09-01,153.402,MGD,
WA Potomac River at Great Falls daily average withdrawals,WA,Potomac River at Great Falls,1999-09-01T00:00:00Z,yesterday,,daily average withdrawals,1999-09-02,178.54,MGD,
WA Potomac River at Great Falls daily average withdrawals,WA,Potomac River at Great Falls,1999-09-02T00:00:00Z,yesterday,,daily average withdrawals,1999-09-03,167.81,MGD,
WA Potomac River at Great Falls daily average withdrawals,WA,Potomac River at Great Falls,1999-09-03T00:00:00Z,yesterday,,daily average withdrawals,1999-09-04,180.92,MGD,
WA Potomac River at Great Falls daily average withdrawals,WA,Potomac River at Great Falls,1999-09-04T00:00:00Z,yesterday,,daily average withdrawals,1999-09-05,183.64,MGD,
WA Potomac River at Great Falls daily average withdrawals,WA,Potomac River at Great Falls,1999-09-05T00:00:00Z,yesterday,,daily average withdrawals,1999-09-06,165.32,MGD,
WA Potomac River at Great Falls daily average withdrawals,WA,Potomac River at Great Falls,1999-09-06T00:00:00Z,yesterday,,daily average withdrawals,1999-09-07,171.55,MGD,
WA Potomac River at Great Falls daily average withdrawals,WA,Potomac River at Great Falls,1999-09-07T00:00:00Z,yesterday,,daily average withdrawals,1999-09-08,164.79,MGD,
WA Potomac River at Great Falls daily average withdrawals,WA,Potomac River at Great Falls,1999-09-08T00:00:00Z,yesterday,,daily average withdrawals,1999-09-09,171.34,MGD,
WA Potomac River at Great Falls daily average withdrawals,WA,Potomac River at Great Falls,1999-09-09T00:00:00Z,yesterday,,daily average withdrawals,1999-09-10,190.13,MGD,
WA Potomac River at Great Falls daily average withdrawals,WA,Potomac River at Great Falls,1999-09-10T00:00:00Z,yesterday,,daily average withdrawals,1999-09-11,161.61,MGD,
WA Potomac River at Great Falls daily average withdrawals,WA,Potomac River at Great Falls,1999-09-11T00:00:00Z,yesterday,,daily average withdrawals,1999-09-12,138.25,MGD,
WA Potomac River at Great Falls daily average withdrawals,WA,Potomac River at Great Falls,1999-09-12T00:00:00Z,yesterday,,daily average withdrawals,1999-09-13,149.06,MGD,
WA Potomac River at Great Falls daily average withdrawals,WA,Potomac River at Great Falls,1999-09-13T00:00:00Z,yesterday,,daily average withdrawals,1999-09-14,158.19,MGD,
WA Potomac River at Great Falls daily average withdrawals,WA,Potomac River at Great Falls,1999-09-14T00:00:00Z,yesterday,,daily average withdrawals,1999-09-15,158.93,MGD,
WA Potomac River at Great Falls daily average withdrawals,WA,Potomac River at Great Falls,1999-09-15T00:00:00Z,yesterday,,daily average withdrawals,1999-09-16,171.46,MGD,
WA Potomac River at Little Falls daily average withdrawals,WA,Potomac River at Little Falls,1999-06-01T00:00:00Z,yesterday,,daily average withdrawals,1999-06-02,31.5,MGD,
WA Potomac River at Little Falls daily average withdrawals,WA,Potomac River at Little Falls,1999-06-02T00:00:00Z,yesterday,,daily average withdrawals,1999-06-03,40.419998,MGD,
WA Potomac River at Little Falls daily average withdrawals,WA,Potomac River at Little Falls,1999-06-03T00:00:00Z,yesterday,,daily average withdrawals,1999-06-04,45.5,MGD,
WA Potomac River at Little Falls daily average withdrawals,WA,Potomac River at Little Falls,1999-06-04T00:00:00Z,yesterday,,daily average withdrawals,1999-06-05,20.35,MGD,
WA Potomac River at Little Falls daily average withdrawals,WA,Potomac River at Little Falls,1999-06-05T00:00:00Z,yesterday,,daily average withdrawals,1999-06-06,9.3900003,MGD,
WA Potomac River at Little Falls daily average withdrawals,WA,Potomac River at Little Falls,1999-06-06T00:00:00Z,yesterday,,daily average withdrawals,1999-06-07,9.3900003,MGD,
WA Potomac River at Little Falls daily average withdrawals,WA,Potomac River at Little Falls,1999-06-07T00:00:00Z,yesterday,,daily average withdrawals,1999-06-08,43.040001,MGD,
WA Potomac River at Little Falls daily average withdrawals,WA,Potomac River at Little Falls,1999-06-08T00:00:00Z,yesterday,,daily average withdrawals,1999-06-09,80.040001,MGD,
WA Potomac River at Little Falls daily average withdrawals,WA,Potomac River at Little Falls,1999-06-09T00:00:00Z,yesterday,,daily average withdrawals,1999-06-10,73.370003,MGD,
WA Potomac River at Little Falls daily average withdrawals,WA,Potomac River at Little Falls,1999-06-10T00:00:00Z,yesterday,,daily average withdrawals,1999-06-11,78.879997,MGD,
WA Potomac River at Little Falls daily average withdrawals,WA,Potomac River at Little Falls,1999-06-11T00:00:00Z,yesterday,,daily average withdrawals,1999-06-12,19.530001,MGD,
WA Potomac River at Little Falls daily average withdrawals,WA,Potomac River at Little Falls,1999-06-12T00:00:00Z,yesterday,,daily average withdrawals,1999-06-13,24.51,MGD,
WA Potomac River at Little Falls daily average withdrawals,WA,Potomac River at Little Falls,1999-06-13T00:00:00Z,yesterday,,daily average withdrawals,1999-06-14,21.700001,MGD,
WA Potomac River at Little Falls daily average withdrawals,WA,Potomac River at Little Falls,1999-06-14T00:00:00Z,yesterday,,daily average withdrawals,1999-06-15,53.360001,MGD,
WA Potomac River at Little Falls daily average withdrawals,WA,Potomac River at Little Falls,1999-06-15T00:00:00Z,yesterday,,daily average withdrawals,1999-06-16,85.870003,MGD,
WA Potomac River at Little Falls daily average withdrawals,WA,Potomac River at Little Falls,1999-06-16T00:00:00Z,yesterday,,daily average withdrawals,1999-06-17,72.050003,MGD,
WA Potomac River at Little Falls daily average withdrawals,WA,Potomac River at Little Falls,1999-06-17T00:00:00Z,yesterday,,daily average withdrawals,1999-06-18,8.6800003,MGD,
WA Potomac River at Little Falls daily average withdrawals,WA,Potomac River at Little Falls,1999-06-18T00:00:00Z,yesterday,,daily average withdrawals,1999-06-19,15.19,MGD,
WA Potomac River at Little Falls daily average withdrawals,WA,Potomac River at Little Falls,1999-06-19T00:00:00Z,yesterday,,daily average withdrawals,1999-06-20,0,MGD,
WA Potomac River at Little Falls daily average withdrawals,WA,Potomac River at Little Falls,1999-06-20T00:00:00Z,yesterday,,daily average withdrawals,1999-06-21,0,MGD,
WA Potomac River at Little Falls daily average withdrawals,WA,Potomac River at Little Falls,1999-06-21T00:00:00Z,yesterday,,daily average withdrawals,1999-06-22,0,MGD,
WA Potomac River at Little Falls daily average withdrawals,WA,Potomac River at Little Falls,1999-06-22T00:00:00Z,yesterday,,daily average withdrawals,1999-06-23,18,MGD,
WA Potomac River at Little Falls daily average withdrawals,WA,Potomac River at Little Falls,1999-06-23T00:00:00Z,yesterday,,daily average withdrawals,1999-06-24,18,MGD,
WA Potomac River at Little Falls daily average withdrawals,WA,Potomac River at Little Falls,1999-06-24T00:00:00Z,yesterday,,daily average withdrawals,1999-06-25,26.75,MGD,
WA Potomac River at Little Falls daily average withdrawals,WA,Potomac River at Little Falls,1999-06-25T00:00:00Z,yesterday,,daily average withdrawals,1999-06-26,30.93,MGD,
WA Potomac River at Little Falls daily average withdrawals,WA,Potomac River at Little Falls,1999-06-26T00:00:00Z,yesterday,,daily average withdrawals,1999-06-27,21.700001,MGD,
WA Potomac River at Little Falls daily average withdrawals,WA,Potomac River at Little Falls,1999-06-27T00:00:00Z,yesterday,,daily average withdrawals,1999-06-28,32.549999,MGD,
WA Potomac River at Little Falls daily average withdrawals,WA,Potomac River at Little Falls,1999-06-28T00:00:00Z,yesterday,,daily average withdrawals,1999-06-29,45.57,MGD,
WA Potomac River at Little Falls daily average withdrawals,WA,Potomac River at Little Falls,1999-06-29T00:00:00Z,yesterday,,daily average withdrawals,1999-06-30,24.41,MGD,
WA Potomac River at Little Falls daily average withdrawals,WA,Potomac River at Little Falls,1999-06-30T00:00:00Z,yesterday,,daily average withdrawals,1999-07-01,23.33,MGD,
WA Potomac River at Little Falls daily average withdrawals,WA,Potomac River at Little Falls,1999-07-01T00:00:00Z,yesterday,,daily average withdrawals,1999-07-02,19.64,MGD,
WA Potomac River at Little Falls daily average withdrawals,WA,Potomac River at Little Falls,1999-07-02T00:00:00Z,yesterday,,daily average withdrawals,1999-07-03,12.52,MGD,
WA Potomac River at Little Falls daily average withdrawals,WA,Potomac River at Little Falls,1999-07-03T00:00:00Z,yesterday,,daily average withdrawals,1999-07-04,0,MGD,
WA Potomac River at Little Falls daily average withdrawals,WA,Potomac River at Little Falls,1999-07-04T00:00:00Z,yesterday,,daily average withdrawals,1999-07-05,36,MGD,
WA Potomac River at Little Falls daily average withdrawals,WA,Potomac River at Little Falls,1999-07-05T00:00:00Z,yesterday,,daily average withdrawals,1999-07-06,6.51,MGD,
WA Potomac River at Little Falls daily average withdrawals,WA,Potomac River at Little Falls,1999-07-06T00:00:00Z,yesterday,,daily average withdrawals,1999-07-07,60.1,MGD,
WA Potomac River at Little Falls daily average withdrawals,WA,Potomac River at Little Falls,1999-07-07T00:00:00Z,yesterday,,daily average withdrawals,1999-07-08,87.03,MGD,
WA Potomac River at Little Falls daily average withdrawals,WA,Potomac River at Little Falls,1999-07-08T00:00:00Z,yesterday,,daily average withdrawals,1999-07-09,46.69,MGD,
WA Potomac River at Little Falls daily average withdrawals,WA,Potomac River at Little Falls,1999-07-09T00:00:00Z,yesterday,,daily average withdrawals,1999-07-10,46.53,MGD,
WA Potomac River at Little Falls daily average withdrawals,WA,Potomac River at Little Falls,1999-07-10T00:00:00Z,yesterday,,daily average withdrawals,1999-07-11,50.82,MGD,
WA Potomac River at Little Falls daily average withdrawals,WA,Potomac River at Little Falls,1999-07-11T00:00:00Z,yesterday,,daily average withdrawals,1999-07-12,0,MGD,
WA Potomac River at Little Falls daily average withdrawals,WA,Potomac River at Little Falls,1999-07-12T00:00:00Z,yesterday,,daily average withdrawals,1999-07-13,45.28,MGD,
WA Potomac River at Little Falls daily average withdrawals,WA,Potomac River at Little Falls,1999-07-13T00:00:00Z,yesterday,,daily average withdrawals,1999-07-14,33.19,MGD,
WA Potomac River at Little Falls daily average withdrawals,WA,Potomac River at Little Falls,1999-07-14T00:00:00Z,yesterday,,daily average withdrawals,1999-07-15,26.6,MGD,
WA Potomac River at Little Falls daily average withdrawals,WA,Potomac River at Little Falls,1999-07-15T00:00:00Z,yesterday,,daily average withdrawals,1999-07-16,64.43,MGD,
WA Potomac River at Little Falls daily average withdrawals,WA,Potomac River at Little Falls,1999-07-16T00:00:00Z,yesterday,,daily average withdrawals,1999-07-17,74.83,MGD,
WA Potomac River at Little Falls daily average withdrawals,WA,Potomac River at Little Falls,1999-07-17T00:00:00Z,yesterday,,daily average withdrawals,1999-07-18,108,MGD,
WA Potomac River at Little Falls daily average withdrawals,WA,Potomac River at Little Falls,1999-07-18T00:00:00Z,yesterday,,daily average withdrawals,1999-07-19,99,MGD,
WA Potomac River at Little Falls daily average withdrawals,WA,Potomac River at Little Falls,1999-07-19T00:00:00Z,yesterday,,daily average withdrawals,1999-07-20,105.68,MGD,
WA Potomac River at Little Falls daily average withdrawals,WA,Potomac River at Little Falls,1999-07-20T00:00:00Z,yesterday,,daily average withdrawals,1999-07-21,85.5,MGD,
WA Potomac River at Little Falls daily average withdrawals,WA,Potomac River at Little Falls,1999-07-21T00:00:00Z,yesterday,,daily average withdrawals,1999-07-22,20.25,MGD,
WA Potomac River at Little Falls daily average withdrawals,WA,Potomac River at Little Falls,1999-07-22T00:00:00Z,yesterday,,daily average withdrawals,1999-07-23,103.5,MGD,
WA Potomac River at Little Falls daily average withdrawals,WA,Potomac River at Little Falls,1999-07-23T00:00:00Z,yesterday,,daily average withdrawals,1999-07-24,108,MGD,
WA Potomac River at Little Falls daily average withdrawals,WA,Potomac River at Little Falls,1999-07-24T00:00:00Z,yesterday,,daily average withdrawals,1999-07-25,108,MGD,
WA Potomac River at Little Falls daily average withdrawals,WA,Potomac River at Little Falls,1999-07-25T00:00:00Z,yesterday,,daily average withdrawals,1999-07-26,80.04,MGD,
WA Potomac River at Little Falls daily average withdrawals,WA,Potomac River at Little Falls,1999-07-26T00:00:00Z,yesterday,,daily average withdrawals,1999-07-27,71.72,MGD,
WA Potomac River at Little Falls daily average withdrawals,WA,Potomac River at Little Falls,1999-07-27T00:00:00Z,yesterday,,daily average withdrawals,1999-07-28,48.44,MGD,
WA Potomac River at Little Falls daily average withdrawals,WA,Potomac River at Little Falls,1999-07-28T00:00:00Z,yesterday,,daily average withdrawals,1999-07-29,39.91,MGD,
WA Potomac River at Little Falls daily average withdrawals,WA,Potomac River at Little Falls,1999-07-29T00:00:00Z,yesterday,,daily average withdrawals,1999-07-30,42.25,MGD,
WA Potomac River at Little Falls daily average withdrawals,WA,Potomac River at Little Falls,1999-07-30T00:00:00Z,yesterday,,daily average withdrawals,1999-07-31,75.12,MGD,
WA Potomac River at Little Falls daily average withdrawals,WA,Potomac River at Little Falls,1999-07-31T00:00:00Z,yesterday,,daily average withdrawals,1999-08-01,53.21,MGD,
WA Potomac River at Little Falls daily average withdrawals,WA,Potomac River at Little Falls,1999-08-01T00:00:00Z,yesterday,,daily average withdrawals,1999-08-02,65.73,MGD,
WA Potomac River at Little Falls daily average withdrawals,WA,Potomac River at Little Falls,1999-08-02T00:00:00Z,yesterday,,daily average withdrawals,1999-08-03,40.26,MGD,
WA Potomac River at Little Falls daily average withdrawals,WA,Potomac River at Little Falls,1999-08-03T00:00:00Z,yesterday,,daily average withdrawals,1999-08-04,64.54,MGD,
WA Potomac River at Little Falls daily average withdrawals,WA,Potomac River at Little Falls,1999-08-04T00:00:00Z,yesterday,,daily average withdrawals,1999-08-05,45.04,MGD,
WA Potomac River at Little Falls daily average withdrawals,WA,Potomac River at Little Falls,1999-08-05T00:00:00Z,yesterday,,daily average withdrawals,1999-08-06,72,MGD,
WA Potomac River at Little Falls daily average withdrawals,WA,Potomac River at Little Falls,1999-08-06T00:00:00Z,yesterday,,daily average withdrawals,1999-08-07,95.19,MGD,
WA Potomac River at Little Falls daily average withdrawals,WA,Potomac River at Little Falls,1999-08-07T00:00:00Z,yesterday,,daily average withdrawals,1999-08-08,40.71,MGD,
WA Potomac River at Little Falls daily average withdrawals,WA,Potomac River at Little Falls,1999-08-08T00:00:00Z,yesterday,,daily average withdrawals,1999-08-09,32.55,MGD,
WA Potomac River at Little Falls daily average withdrawals,WA,Potomac River at Little Falls,1999-08-09T00:00:00Z,yesterday,,daily average withdrawals,1999-08-10,14.11,MGD,
WA Potomac River at Little Falls daily average withdrawals,WA,Potomac River at Little Falls,1999-08-10T00:00:00Z,yesterday,,daily average withdrawals,1999-08-11,50.4,MGD,
WA Potomac River at Little Falls daily average withdrawals,WA,Potomac River at Little Falls,1999-08-11T00:00:00Z,yesterday,,daily average withdrawals,1999-08-12,110.01,MGD,
WA Potomac River at Little Falls daily average withdrawals,WA,Potomac River at Little Falls,1999-08-12T00:00:00Z,yesterday,,daily average withdrawals,1999-08-13,135.117,MGD,
WA Potomac River at Little Falls daily average withdrawals,WA,Potomac River at Little Falls,1999-08-13T00:00:00Z,yesterday,,daily average withdrawals,1999-08-14,183.12,MGD,
WA Potomac River at Little Falls daily average withdrawals,WA,Potomac River at Little Falls,1999-08-14T00:00:00Z,yesterday,,daily average withdrawals,1999-08-15,207.59,MGD,
WA Potomac River at Little Falls daily average withdrawals,WA,Potomac River at Little Falls,1999-08-15T00:00:00Z,yesterday,,daily average withdrawals,1999-08-16,135,MGD,
WA Potomac River at Little Falls daily average withdrawals,WA,Potomac River at Little Falls,1999-08-16T00:00:00Z,yesterday,,daily average withdrawals,1999-08-17,32.21,MGD,
WA Potomac River at Little Falls daily average withdrawals,WA,Potomac River at Little Falls,1999-08-17T00:00:00Z,yesterday,,daily average withdrawals,1999-08-18,60.02,MGD,
WA Potomac River at Little Falls daily average withdrawals,WA,Potomac River at Little Falls,1999-08-18T00:00:00Z,yesterday,,daily average withdrawals,1999-08-19,188.03,MGD,
WA Potomac River at Little Falls daily average withdrawals,WA,Potomac River at Little Falls,1999-08-19T00:00:00Z,yesterday,,daily average withdrawals,1999-08-20,123.8,MGD,
WA Potomac River at Little Falls daily average withdrawals,WA,Potomac River at Little Falls,1999-08-20T00:00:00Z,yesterday,,daily average withdrawals,1999-08-21,89.21,MGD,
WA Potomac River at Little Falls daily average withdrawals,WA,Potomac River at Little Falls,1999-08-21T00:00:00Z,yesterday,,daily average withdrawals,1999-08-22,14.09,MGD,
WA Potomac River at Little Falls daily average withdrawals,WA,Potomac River at Little Falls,1999-08-22T00:00:00Z,yesterday,,daily average withdrawals,1999-08-23,0,MGD,
WA Potomac River at Little Falls daily average withdrawals,WA,Potomac River at Little Falls,1999-08-23T00:00:00Z,yesterday,,daily average withdrawals,1999-08-24,25.04,MGD,
WA Potomac River at Little Falls daily average withdrawals,WA,Potomac River at Little Falls,1999-08-24T00:00:00Z,yesterday,,daily average withdrawals,1999-08-25,27.3,MGD,
WA Potomac River at Little Falls daily average withdrawals,WA,Potomac River at Little Falls,1999-08-25T00:00:00Z,yesterday,,daily average withdrawals,1999-08-26,4.7,MGD,
WA Potomac River at Little Falls daily average withdrawals,WA,Potomac River at Little Falls,1999-08-26T00:00:00Z,yesterday,,daily average withdrawals,1999-08-27,0,MGD,
WA Potomac River at Little Falls daily average withdrawals,WA,Potomac River at Little Falls,1999-08-27T00:00:00Z,yesterday,,daily average withdrawals,1999-08-28,0,MGD,
WA Potomac River at Little Falls daily average withdrawals,WA,Potomac River at Little Falls,1999-08-28T00:00:00Z,yesterday,,daily average withdrawals,1999-08-29,0,MGD,
WA Potomac River at Little Falls daily average withdrawals,WA,Potomac River at Little Falls,1999-08-29T00:00:00Z,yesterday,,daily average withdrawals,1999-08-30,0,MGD,
WA Potomac River at Little Falls daily average withdrawals,WA,Potomac River at Little Falls,1999-08-30T00:00:00Z,yesterday,,daily average withdrawals,1999-08-31,25.34,MGD,
WA Potomac River at Little Falls daily average withdrawals,WA,Potomac River at Little Falls,1999-08-31T00:00:00Z,yesterday,,daily average withdrawals,1999-09-01,35.43,MGD,
WA Potomac River at Little Falls daily average withdrawals,WA,Potomac River at Little Falls,1999-09-01T00:00:00Z,yesterday,,daily average withdrawals,1999-09-02,26.63,MGD,
WA Potomac River at Little Falls daily average withdrawals,WA,Potomac River at Little Falls,1999-09-02T00:00:00Z,yesterday,,daily average withdrawals,1999-09-03,18.45,MGD,
WA Potomac River at Little Falls daily average withdrawals,WA,Potomac River at Little Falls,1999-09-03T00:00:00Z,yesterday,,daily average withdrawals,1999-09-04,15.65,MGD,
WA Potomac River at Little Falls daily average withdrawals,WA,Potomac River at Little Falls,1999-09-04T00:00:00Z,yesterday,,daily average withdrawals,1999-09-05,3.13,MGD,
WA Potomac River at Little Falls daily average withdrawals,WA,Potomac River at Little Falls,1999-09-05T00:00:00Z,yesterday,,daily average withdrawals,1999-09-06,0,MGD,
WA Potomac River at Little Falls daily average withdrawals,WA,Potomac River at Little Falls,1999-09-06T00:00:00Z,yesterday,,daily average withdrawals,1999-09-07,0,MGD,
WA Potomac River at Little Falls daily average withdrawals,WA,Potomac River at Little Falls,1999-09-07T00:00:00Z,yesterday,,daily average withdrawals,1999-09-08,28.17,MGD,
WA Potomac River at Little Falls daily average withdrawals,WA,Potomac River at Little Falls,1999-09-08T00:00:00Z,yesterday,,daily average withdrawals,1999-09-09,23.48,MGD,
WA Potomac River at Little Falls daily average withdrawals,WA,Potomac River at Little Falls,1999-09-09T00:00:00Z,yesterday,,daily average withdrawals,1999-09-10,0,MGD,
WA Potomac River at Little Falls daily average withdrawals,WA,Potomac River at Little Falls,1999-09-10T00:00:00Z,yesterday,,daily average withdrawals,1999-09-11,25.04,MGD,
WA Potomac River at Little Falls daily average withdrawals,WA,Potomac River at Little Falls,1999-09-11T00:00:00Z,yesterday,,daily average withdrawals,1999-09-12,32.87,MGD,
WA Potomac River at Little Falls daily average withdrawals,WA,Potomac River at Little Falls,1999-09-12T00:00:00Z,yesterday,,daily average withdrawals,1999-09-13,25.04,MGD,
WA Potomac River at Little Falls daily average withdrawals,WA,Potomac River at Little Falls,1999-09-13T00:00:00Z,yesterday,,daily average withdrawals,1999-09-14,31.3,MGD,
WA Potomac River at Little Falls daily average withdrawals,WA,Potomac River at Little Falls,1999-09-14T00:00:00Z,yesterday,,daily average withdrawals,1999-09-15,25.04,MGD,
WA Potomac River at Little Falls daily average withdrawals,WA,Potomac River at Little Falls,1999-09-15T00:00:00Z,yesterday,,daily average withdrawals,1999-09-16,31.3,MGD,
